date,adj_close,volume,daily_return,outlier_iqr,return_winsorized
2015-01-05,166.6233367919922,169632600,-0.018059361410146635,False,-0.016530752453280957
2015-01-06,165.05389404296875,209151400,-0.009419105266044947,False,-0.009419105266044947
2015-01-07,167.1107177734375,125346700,0.012461528050548676,False,0.012461528050548676
2015-01-08,170.0760498046875,147217800,0.0177447148259533,False,0.015596387768707738
2015-01-09,168.7131805419922,158567300,-0.008013293254755194,False,-0.008013293254755194
2015-01-12,167.39154052734375,144396100,-0.007833650046799256,False,-0.007833650046799256
2015-01-13,166.92071533203125,214553300,-0.0028127179774392053,False,-0.0028127179774392053
2015-01-14,165.91299438476562,192991100,-0.006037123344823425,False,-0.006037123344823425
2015-01-15,164.39312744140625,176613900,-0.00916062632101422,False,-0.00916062632101422
2015-01-16,166.5489501953125,211879600,0.013113825300723914,False,0.013113825300723914
2015-01-20,166.90415954589844,130991100,0.002132762471149574,False,0.002132762471149574
2015-01-21,167.74673461914062,122942700,0.005048256889071068,False,0.005048256889071068
2015-01-22,170.24131774902344,174356000,0.01487112780792188,False,0.01487112780792188
2015-01-23,169.30784606933594,117516800,-0.005483226352040238,False,-0.005483226352040238
2015-01-26,169.704345703125,92009700,0.002341885760135831,False,0.002341885760135831
2015-01-27,167.4658660888672,134044600,-0.013190467250460025,False,-0.013190467250460025
2015-01-28,165.31817626953125,168514300,-0.012824642236025863,False,-0.012824642236025863
2015-01-29,166.8463592529297,173585400,0.009243889679177997,False,0.009243889679177997
2015-01-30,164.748291015625,197729700,-0.012574851778000995,False,-0.012574851778000995
2015-02-02,166.78854370117188,163107000,0.012384059785806034,False,0.012384059785806034
2015-02-03,169.200439453125,124212900,0.01446079987528659,False,0.01446079987528659
2015-02-04,168.55618286132812,134306700,-0.0038076531826937154,False,-0.0038076531826937154
2015-02-05,170.25779724121094,97953200,0.010095235612227471,False,0.010095235612227471
2015-02-06,169.78697204589844,125672000,-0.0027653664204609907,False,-0.0027653664204609907
2015-02-09,169.02703857421875,87219000,-0.00447580554928706,False,-0.00447580554928706
2015-02-10,170.82774353027344,96164200,0.010653354464729592,False,0.010653354464729592
2015-02-11,170.92684936523438,91087800,0.000580150699838633,False,0.000580150699838633
2015-02-12,172.57061767578125,97545900,0.009616794065129497,False,0.009616794065129497
2015-02-13,173.2809600830078,93670400,0.004116241900235407,False,0.004116241900235407
2015-02-17,173.55360412597656,76968200,0.0015734218164427105,False,0.0015734218164427105
2015-02-18,173.57008361816406,80652900,9.495332736242368e-05,False,9.495332736242368e-05
2015-02-19,173.44619750976562,91462500,-0.0007137526572319475,False,-0.0007137526572319475
2015-02-20,174.48703002929688,140896400,0.006000895577273457,False,0.006000895577273457
2015-02-23,174.4622344970703,74411100,-0.00014210530274028077,False,-0.00014210530274028077
2015-02-24,174.9578094482422,72472300,0.0028405858299389575,False,0.0028405858299389575
2015-02-25,174.8091278076172,73061700,-0.0008498142557562538,False,-0.0008498142557562538
2015-02-26,174.60256958007812,72697900,-0.0011816215213108494,False,-0.0011816215213108494
2015-02-27,174.0079345703125,108076000,-0.0034056486751353754,False,-0.0034056486751353754
2015-03-02,175.1065216064453,87491400,0.006313430699844913,False,0.006313430699844913
2015-03-03,174.3878631591797,110325800,-0.0041041215408346154,False,-0.0041041215408346154
2015-03-04,173.65277099609375,114497200,-0.004215271348413485,False,-0.004215271348413485
2015-03-05,173.8426971435547,76873000,0.001093712161179372,False,0.001093712161179372
2015-03-06,171.39772033691406,188128000,-0.01406430552916249,False,-0.01406430552916249
2015-03-09,172.10809326171875,89818900,0.004144587940891675,False,0.004144587940891675
2015-03-10,169.316162109375,157121300,-0.01622196318274327,False,-0.01622196318274327
2015-03-11,168.9196319580078,110145700,-0.002341950977550744,False,-0.002341950977550744
2015-03-12,171.06729125976562,93993500,0.012714089397801276,False,0.012714089397801276
2015-03-13,170.0182647705078,162410900,-0.006132244694661559,False,-0.006132244694661559
2015-03-16,172.28982543945312,136099200,0.013360686112233289,False,0.013360686112233289
2015-03-17,171.7776641845703,94510400,-0.002972672666981091,False,-0.002972672666981091
2015-03-18,173.8426971435547,228808500,0.012021545227006714,False,0.012021545227006714
2015-03-19,173.0497589111328,117917300,-0.004561239818817842,False,-0.004561239818817842
2015-03-20,174.57720947265625,177715100,0.008826655241443326,False,0.008826655241443326
2015-03-23,174.23703002929688,71784500,-0.0019485902219823492,False,-0.0019485902219823492
2015-03-24,173.25799560546875,77805300,-0.00561898021140228,False,-0.00561898021140228
2015-03-25,170.71905517578125,159521700,-0.0146541025181256,False,-0.0146541025181256
2015-03-26,170.31259155273438,153067200,-0.0023808919433648823,False,-0.0023808919433648823
2015-03-27,170.70248413085938,118939000,0.002289276292318565,False,0.002289276292318565
2015-03-30,172.78504943847656,96180400,0.012199970716423314,False,0.012199970716423314
2015-03-31,171.2750244140625,126768700,-0.008739326864919184,False,-0.008739326864919184
2015-04-01,170.6693115234375,137303600,-0.0035364927997947326,False,-0.0035364927997947326
2015-04-02,171.2832489013672,86900900,0.0035972335767311403,False,0.0035972335767311403
2015-04-06,172.43653869628906,114368200,0.0067332316634534095,False,0.0067332316634534095
2015-04-07,171.98020935058594,81236300,-0.0026463610853779684,False,-0.0026463610853779684
2015-04-08,172.56103515625,89351900,0.0033772828156060086,False,0.0033772828156060086
2015-04-09,173.3243865966797,85548900,0.004423660531118756,False,0.004423660531118756
2015-04-10,174.27020263671875,72722900,0.005456912663074576,False,0.005456912663074576
2015-04-13,173.48202514648438,74436600,-0.0045227323909032835,False,-0.0045227323909032835
2015-04-14,173.81387329101562,75099900,0.0019128675968074216,False,0.0019128675968074216
2015-04-15,174.59378051757812,99529300,0.004487025182717819,False,0.004487025182717819
2015-04-16,174.54405212402344,68934900,-0.0002848233963848035,False,-0.0002848233963848035
2015-04-17,172.53610229492188,191113200,-0.011503971660259182,False,-0.011503971660259182
2015-04-20,174.11253356933594,92189500,0.00913681979276082,False,0.00913681979276082
2015-04-21,173.90513610839844,72559800,-0.00119116904846428,False,-0.00119116904846428
2015-04-22,174.75970458984375,78264600,0.004913992194644834,False,0.004913992194644834
2015-04-23,175.199462890625,102585900,0.002516359831423065,False,0.002516359831423065
2015-04-24,175.60606384277344,61327400,0.002320788805170393,False,0.002320788805170393
2015-04-27,174.87591552734375,79358100,-0.004157876439183861,False,-0.004157876439183861
2015-04-28,175.43182373046875,86863500,0.0031788722960999216,False,0.0031788722960999216
2015-04-29,174.70999145507812,125684900,-0.004114602812883228,False,-0.004114602812883228
2015-04-30,172.9592742919922,161304900,-0.010020704302627581,False,-0.010020704302627581
2015-05-01,174.83441162109375,103399700,0.01084149628158082,False,0.01084149628158082
2015-05-04,175.332275390625,70927200,0.002847630308673077,False,0.002847630308673077
2015-05-05,173.3243865966797,113326200,-0.011451906327411221,False,-0.011451906327411221
2015-05-06,172.6107940673828,135060200,-0.00411709248368719,False,-0.00411709248368719
2015-05-07,173.2994384765625,88244900,0.003989579057905646,False,0.003989579057905646
2015-05-08,175.58116149902344,155877300,0.013166361313799113,False,0.013166361313799113
2015-05-11,174.74317932128906,75708100,-0.004772620083954959,False,-0.004772620083954959
2015-05-12,174.22042846679688,119727600,-0.0029915379617251325,False,-0.0029915379617251325
2015-05-13,174.2536163330078,94667900,0.00019049354029831989,False,0.00019049354029831989
2015-05-14,176.07064819335938,95934000,0.010427513061646465,False,0.010427513061646465
2015-05-15,176.26150512695312,76510100,0.001083979275092739,False,0.001083979275092739
2015-05-18,176.80909729003906,74549700,0.0031067030926097416,False,0.0031067030926097416
2015-05-19,176.7510528564453,72114600,-0.0003282887276921942,False,-0.0003282887276921942
2015-05-20,176.6265869140625,76857500,-0.0007041878414376646,False,-0.0007041878414376646
2015-05-21,177.1409912109375,64764600,0.002912383157385401,False,0.002912383157385401
2015-05-22,176.7178497314453,57433500,-0.0023887270619836753,False,-0.0023887270619836753
2015-05-26,174.8177947998047,124308600,-0.010751912919538698,False,-0.010751912919538698
2015-05-27,176.47715759277344,93214000,0.009491955866786972,False,0.009491955866786972
2015-05-28,176.27806091308594,74974600,-0.0011281725204738136,False,-0.0011281725204738136
2015-05-29,175.182861328125,124919600,-0.006212909191807614,False,-0.006212909191807614
2015-06-01,175.53965759277344,93338800,0.002036707597669274,False,0.002036707597669274
2015-06-02,175.36538696289062,91531000,-0.0009927707064752989,False,-0.0009927707064752989
2015-06-03,175.83006286621094,87820900,0.0026497583780238365,False,0.0026497583780238365
2015-06-04,174.34487915039062,151882800,-0.008446699566674098,False,-0.008446699566674098
2015-06-05,174.04617309570312,121704700,-0.001713305582264013,False,-0.001713305582264013
2015-06-08,172.97589111328125,89063300,-0.006149414051369928,False,-0.006149414051369928
2015-06-09,172.95098876953125,105034700,-0.00014396424605611635,False,-0.00014396424605611635
2015-06-10,175.0251922607422,134551300,0.01199301319968149,False,0.01199301319968149
2015-06-11,175.58941650390625,73876400,0.0032236744658078464,False,0.0032236744658078464
2015-06-12,174.24533081054688,135382400,-0.007654707898237523,False,-0.007654707898237523
2015-06-15,173.4985809326172,124384200,-0.004285623462367605,False,-0.004285623462367605
2015-06-16,174.4444580078125,85308200,0.0054517856579050505,False,0.0054517856579050505
2015-06-17,174.72654724121094,126708600,0.0016170719128594246,False,0.0016170719128594246
2015-06-18,176.54359436035156,165867900,0.010399376327354437,False,0.010399376327354437
2015-06-19,175.75985717773438,130478700,-0.004439340806766778,False,-0.004439340806766778
2015-06-22,176.66030883789062,70696000,0.005123192944141319,False,0.005123192944141319
2015-06-23,176.78533935546875,68476800,0.0007077453809551937,False,0.0007077453809551937
2015-06-24,175.5014190673828,92307300,-0.007262594809993361,False,-0.007262594809993361
2015-06-25,174.96780395507812,97107400,-0.003040517365274442,False,-0.003040517365274442
2015-06-26,174.93450927734375,104174800,-0.00019029031045580957,False,-0.00019029031045580957
2015-06-29,171.26602172851562,202621300,-0.020970633890263768,True,-0.016530752453280957
2015-06-30,171.62457275390625,182925100,0.002093532749648297,False,0.002093532749648297
2015-07-01,173.00021362304688,135979900,0.008015407392233831,False,0.008015407392233831
2015-07-02,172.84178161621094,104373700,-0.0009157908161960826,False,-0.0009157908161960826
2015-07-06,172.34988403320312,117975400,-0.0028459414061123844,False,-0.0028459414061123844
2015-07-07,173.43373107910156,173820200,0.006288643894240442,False,0.006288643894240442
2015-07-08,170.52398681640625,164020100,-0.016777268439022386,False,-0.016530752453280957
2015-07-09,170.83250427246094,144113100,0.0018092320137157447,False,0.0018092320137157447
2015-07-10,172.98358154296875,129456900,0.012591732935536948,False,0.012591732935536948
2015-07-13,174.8927764892578,106069400,0.011036856384054161,False,0.011036856384054161
2015-07-14,175.65147399902344,81709600,0.004338072303473384,False,0.004338072303473384
2015-07-15,175.5931396484375,97914100,-0.0003321028241770607,False,-0.0003321028241770607
2015-07-16,177.0021514892578,106683300,0.008024298919885764,False,0.008024298919885764
2015-07-17,177.15223693847656,89030000,0.0008479300842163529,False,0.0008479300842163529
2015-07-20,177.2439422607422,70446800,0.0005176639248278825,False,0.0005176639248278825
2015-07-21,176.54360961914062,77965000,-0.003951235978329248,False,-0.003951235978329248
2015-07-22,176.22677612304688,88667900,-0.0017946472080029308,False,-0.0017946472080029308
2015-07-23,175.23460388183594,90509100,-0.005630087907402714,False,-0.005630087907402714
2015-07-24,173.41705322265625,117755000,-0.010372098997098234,False,-0.010372098997098234
2015-07-27,172.40826416015625,132361100,-0.005817127230300589,False,-0.005817127230300589
2015-07-28,174.52597045898438,123544800,0.012283090425763588,False,0.012283090425763588
2015-07-29,175.72653198242188,105791300,0.00687898494579442,False,0.00687898494579442
2015-07-30,175.76821899414062,91304400,0.0002372266228012343,False,0.0002372266228012343
2015-07-31,175.5014190673828,103266900,-0.0015179076643355716,False,-0.0015179076643355716
2015-08-03,174.9095001220703,113965700,-0.003372730251743672,False,-0.003372730251743672
2015-08-04,174.56761169433594,81820800,-0.001954658995056091,False,-0.001954658995056091
2015-08-05,175.14291381835938,85786800,0.0032955834042731613,False,0.0032955834042731613
2015-08-06,173.70889282226562,116030800,-0.008187719187891185,False,-0.008187719187891185
2015-08-07,173.3754119873047,117858000,-0.0019197683523441977,False,-0.0019197683523441977
2015-08-10,175.559814453125,80270700,0.012599263302573993,False,0.012599263302573993
2015-08-11,173.97561645507812,126081400,-0.009023693736415206,False,-0.009023693736415206
2015-08-12,174.1841278076172,172123700,0.001198509059991748,False,0.001198509059991748
2015-08-13,173.9673309326172,89383300,-0.001244641964389781,False,-0.001244641964389781
2015-08-14,174.6010284423828,72786500,0.0036426236257602884,False,0.0036426236257602884
2015-08-17,175.57647705078125,79072600,0.005586728881842307,False,0.005586728881842307
2015-08-18,175.06788635253906,71692700,-0.002896690415397085,False,-0.002896690415397085
2015-08-19,173.68386840820312,172946000,-0.007905607208559706,False,-0.007905607208559706
2015-08-20,170.05709838867188,194327900,-0.02088144427441807,True,-0.016530752453280957
2015-08-21,164.93801879882812,346588500,-0.030102122395055275,True,-0.016530752453280957
2015-08-24,157.99295043945312,507244300,-0.04210714066988863,True,-0.016530752453280957
2015-08-25,156.13375854492188,369833100,-0.01176756234604115,False,-0.01176756234604115
2015-08-26,162.12826538085938,339257000,0.038393406344681136,True,0.015596387768707738
2015-08-27,166.1385955810547,274143900,0.024735540041550097,True,0.015596387768707738
2015-08-28,166.1469268798828,160414400,5.014667903613379e-05,False,5.014667903613379e-05
2015-08-31,164.80462646484375,163298800,-0.00807899634526188,False,-0.00807899634526188
2015-09-01,159.8855743408203,256000400,-0.029847779334476243,True,-0.016530752453280957
2015-09-02,162.9203643798828,160269300,0.018981012211854553,False,0.015596387768707738
2015-09-03,163.0370330810547,152087800,0.0007161087664881993,False,0.0007161087664881993
2015-09-04,160.56918334960938,207081000,-0.01513674338159976,False,-0.01513674338159976
2015-09-08,164.60455322265625,116025700,0.02513165844694254,True,0.015596387768707738
2015-09-09,162.4034423828125,149347700,-0.013372113934578489,False,-0.013372113934578489
2015-09-10,163.2871856689453,158611100,0.005441653656882872,False,0.005441653656882872
2015-09-11,164.02923583984375,119691200,0.004544448285139113,False,0.004544448285139113
2015-09-14,163.42054748535156,79452000,-0.003710852832884637,False,-0.003710852832884637
2015-09-15,165.4632568359375,113806200,0.012499709381826873,False,0.012499709381826873
2015-09-16,166.89727783203125,99581600,0.008666703554104593,False,0.008666703554104593
2015-09-17,166.5220947265625,276046600,-0.002247988165788639,False,-0.002247988165788639
2015-09-18,163.80088806152344,223657500,-0.01634141505070197,False,-0.01634141505070197
2015-09-21,164.6473388671875,105726200,0.005167559319618098,False,0.005167559319618098
2015-09-22,162.51026916503906,153890900,-0.012979679579712466,False,-0.012979679579712466
2015-09-23,162.25047302246094,92790600,-0.0015986444666723498,False,-0.0015986444666723498
2015-09-24,161.6637725830078,159378800,-0.0036160168196976983,False,-0.0036160168196976983
2015-09-25,161.6219482421875,155054800,-0.00025871189414949924,False,-0.00025871189414949924
2015-09-28,157.56564331054688,178515900,-0.025097488155274128,True,-0.016530752453280957
2015-09-29,157.65773010253906,159045600,0.0005844344620908881,False,0.0005844344620908881
2015-09-30,160.5994415283203,163452000,0.018658846755360337,False,0.015596387768707738
2015-10-01,161.01852416992188,131079000,0.002609490030683892,False,0.002609490030683892
2015-10-02,163.42369079589844,211003300,0.014937204513428615,False,0.014937204513428615
2015-10-05,166.3318634033203,126320800,0.017795293896855746,False,0.015596387768707738
2015-10-06,165.76194763183594,110274500,-0.0034263776033245374,False,-0.0034263776033245374
2015-10-07,167.11964416503906,124307300,0.008190640569804453,False,0.008190640569804453
2015-10-08,168.62814331054688,153055200,0.009026462167535998,False,0.009026462167535998
2015-10-09,168.7287139892578,107069200,0.0005964050646380947,False,0.0005964050646380947
2015-10-12,168.88790893554688,56395600,0.0009434964714967187,False,0.0009434964714967187
2015-10-13,167.82362365722656,88038700,-0.006301725712800854,False,-0.006301725712800854
2015-10-14,167.01904296875,99106200,-0.004794204003840896,False,-0.004794204003840896
2015-10-15,169.58360290527344,134142200,0.015354895411556546,False,0.015354895411556546
2015-10-16,170.3545684814453,114580100,0.004546227129061053,False,0.004546227129061053
2015-10-19,170.43844604492188,76523900,0.0004923704965722475,False,0.0004923704965722475
2015-10-20,170.2205047607422,78448500,-0.0012787096411466248,False,-0.0012787096411466248
2015-10-21,169.16452026367188,102038000,-0.006203626869480727,False,-0.006203626869480727
2015-10-22,172.02232360839844,174911700,0.016893633134608788,False,0.015596387768707738
2015-10-23,173.907958984375,144442300,0.010961573686617099,False,0.010961573686617099
2015-10-26,173.48056030273438,69033000,-0.0024576142698508052,False,-0.0024576142698508052
2015-10-27,173.14532470703125,77905800,-0.0019324101508441105,False,-0.0019324101508441105
2015-10-28,175.11483764648438,135906700,0.011374912622016398,False,0.011374912622016398
2015-10-29,175.01425170898438,90525500,-0.0005743998558424002,False,-0.0005743998558424002
2015-10-30,174.25997924804688,131076900,-0.004309777367112466,False,-0.004309777367112466
2015-11-02,176.3216094970703,86270800,0.011830772951538338,False,0.011830772951538338
2015-11-03,176.83287048339844,95246100,0.00289959346325408,False,0.00289959346325408
2015-11-04,176.29649353027344,96224500,-0.0030332423584977786,False,-0.0030332423584977786
2015-11-05,176.1204833984375,78408700,-0.0009983756812821376,False,-0.0009983756812821376
2015-11-06,176.0283203125,110471500,-0.0005232956675970124,False,-0.0005232956675970124
2015-11-09,174.38572692871094,131008700,-0.009331415427205059,False,-0.009331415427205059
2015-11-10,174.78793334960938,75874600,0.0023064182372154463,False,0.0023064182372154463
2015-11-11,174.10079956054688,67846000,-0.003931242711635585,False,-0.003931242711635585
2015-11-12,171.6703643798828,121315200,-0.013959931182388585,False,-0.013959931182388585
2015-11-13,169.74273681640625,153577100,-0.011228656561891981,False,-0.011228656561891981
2015-11-16,172.3240509033203,117645200,0.015207213783208884,False,0.015207213783208884
2015-11-17,172.1983184814453,121123700,-0.0007296278216297747,False,-0.0007296278216297747
2015-11-18,174.93040466308594,121342500,0.015865928342006397,False,0.015596387768707738
2015-11-19,174.77957153320312,88220500,-0.0008622465041072669,False,-0.0008622465041072669
2015-11-20,175.41651916503906,94011500,0.003644291070452388,False,0.003644291070452388
2015-11-23,175.21536254882812,64931200,-0.0011467370186594161,False,-0.0011467370186594161
2015-11-24,175.4500732421875,98874400,0.001339555447336771,False,0.001339555447336771
2015-11-25,175.4249267578125,51980100,-0.00014332558493879155,False,-0.00014332558493879155
2015-11-27,175.62608337402344,37317800,0.001146682058979387,False,0.001146682058979387
2015-11-30,174.89691162109375,112822700,-0.004151842020964525,False,-0.004151842020964525
2015-12-01,176.564697265625,97858400,0.009535821010633105,False,0.009535821010633105
2015-12-02,174.76280212402344,108441300,-0.010205296809082887,False,-0.010205296809082887
2015-12-03,172.3156280517578,166224200,-0.01400283150947046,False,-0.01400283150947046
2015-12-04,175.6763153076172,192913900,0.019503090310821536,False,0.015596387768707738
2015-12-07,174.6119384765625,102027100,-0.006058738363170391,False,-0.006058738363170391
2015-12-08,173.4386749267578,103372400,-0.006719263070103176,False,-0.006719263070103176
2015-12-09,172.08944702148438,162401500,-0.007779279366860958,False,-0.007779279366860958
2015-12-10,172.53355407714844,116128900,0.002580675708770297,False,0.002580675708770297
2015-12-11,169.1896514892578,211173300,-0.01938117258278582,True,-0.016530752453280957
2015-12-14,170.04449462890625,182385200,0.005052573441246766,False,0.005052573441246766
2015-12-15,171.82958984375,154069600,0.010497812462199496,False,0.010497812462199496
2015-12-16,174.34371948242188,197017000,0.014631529068759752,False,0.014631529068759752
2015-12-17,171.6871337890625,173092500,-0.015237633459043054,False,-0.015237633459043054
2015-12-18,168.62852478027344,251393500,-0.01781501584473366,False,-0.016530752453280957
2015-12-21,170.01956176757812,99094300,0.00824912030225744,False,0.00824912030225744
2015-12-22,171.5623016357422,111026200,0.00907389627478894,False,0.00907389627478894
2015-12-23,173.68685913085938,110987200,0.012383591703193586,False,0.012383591703193586
2015-12-24,173.40020751953125,48539600,-0.0016503932005135225,False,-0.0016503932005135225
2015-12-28,173.00396728515625,65899900,-0.0022851197241523513,False,-0.0022851197241523513
2015-12-29,174.85025024414062,92640700,0.010671911100981868,False,0.010671911100981868
2015-12-30,173.61094665527344,63317700,-0.007087799915280413,False,-0.007087799915280413
2015-12-31,171.87423706054688,114877900,-0.010003456741555672,False,-0.010003456741555672
2016-01-04,169.47154235839844,222353500,-0.013979376684022937,False,-0.013979376684022937
2016-01-05,169.75823974609375,110845800,0.0016917140406322861,False,0.0016917140406322861
2016-01-06,167.61688232421875,152112600,-0.012614158965584266,False,-0.012614158965584266
2016-01-07,163.5954132080078,213436100,-0.023992029087095634,True,-0.016530752453280957
2016-01-08,161.79969787597656,209817200,-0.010976562831551018,False,-0.010976562831551018
2016-01-11,161.95989990234375,187941300,0.0009901256211861664,False,0.0009901256211861664
2016-01-12,163.26663208007812,172330500,0.008068245155265608,False,0.008068245155265608
2016-01-13,159.19464111328125,221168900,-0.024940742115631243,True,-0.016530752453280957
2016-01-14,161.80812072753906,240795600,0.016416881849672826,False,0.015596387768707738
2016-01-15,158.3347625732422,324846400,-0.021465907512426385,True,-0.016530752453280957
2016-01-19,158.5454864501953,195244400,0.0013308756303951341,False,0.0013308756303951341
2016-01-20,156.51373291015625,286547800,-0.012814956676028166,False,-0.012814956676028166
2016-01-21,157.3905487060547,195772900,0.005602165251542113,False,0.005602165251542113
2016-01-22,160.6194610595703,168319600,0.020515287481118083,True,0.015596387768707738
2016-01-25,158.1914520263672,130371700,-0.015116530818781837,False,-0.015116530818781837
2016-01-26,160.3496856689453,141036800,0.013643174867744357,False,0.013643174867744357
2016-01-27,158.60455322265625,185681700,-0.010883291969103204,False,-0.010883291969103204
2016-01-28,159.4307098388672,143798800,0.005208908568035575,False,0.005208908568035575
2016-01-29,163.3172149658203,210529300,0.02437739335715894,True,0.015596387768707738
2016-02-01,163.2581787109375,136061600,-0.0003614821309264604,False,-0.0003614821309264604
2016-02-02,160.31593322753906,182564900,-0.018022040345114565,False,-0.016530752453280957
2016-02-03,161.27699279785156,205054900,0.005994785115640777,False,0.005994785115640777
2016-02-04,161.52996826171875,139531800,0.0015685775105211963,False,0.0015685775105211963
2016-02-05,158.45277404785156,180788300,-0.01905029913013645,True,-0.016530752453280957
2016-02-08,156.31985473632812,191526700,-0.013460914927745704,False,-0.013460914927745704
2016-02-09,156.32826232910156,184513100,5.378454827509316e-05,False,5.378454827509316e-05
2016-02-10,156.19334411621094,148214100,-0.0008630442818240436,False,-0.0008630442818240436
2016-02-11,154.16165161132812,219058900,-0.013007548537863345,False,-0.013007548537863345
2016-02-12,157.3399658203125,127632400,0.020616762831508373,True,0.015596387768707738
2016-02-16,159.99562072753906,120250700,0.016878451024067376,False,0.015596387768707738
2016-02-17,162.60902404785156,136009500,0.016334217826892594,False,0.015596387768707738
2016-02-18,161.94302368164062,102343000,-0.004095715905747976,False,-0.004095715905747976
2016-02-19,161.8671875,114793000,-0.000468289278022338,False,-0.000468289278022338
2016-02-22,164.21087646484375,103640300,0.014479086225203996,False,0.014479086225203996
2016-02-23,162.13693237304688,111455300,-0.01262976080784084,False,-0.01262976080784084
2016-02-24,162.87884521484375,150812200,0.004575841117370194,False,0.004575841117370194
2016-02-25,164.8516082763672,110728300,0.012111843369967845,False,0.012111843369967845
2016-02-26,164.47218322753906,129833700,-0.0023016156942311516,False,-0.0023016156942311516
2016-02-29,163.18240356445312,125918100,-0.007841931916849343,False,-0.007841931916849343
2016-03-01,167.018310546875,141799700,0.023506866540955018,True,0.015596387768707738
2016-03-02,167.7685546875,102415000,0.004491987364549699,False,0.004491987364549699
2016-03-03,168.42617797851562,95172200,0.003919824500131064,False,0.003919824500131064
2016-03-04,168.97412109375,129293600,0.0032533132426970646,False,0.0032533132426970646
2016-03-07,169.10903930664062,100219000,0.0007984548877504327,False,0.0007984548877504327
2016-03-08,167.2627410888672,123974900,-0.010917797329719314,False,-0.010917797329719314
2016-03-09,168.08895874023438,94801200,0.004939639551454045,False,0.004939639551454045
2016-03-10,168.22381591796875,156838700,0.0008022964669724963,False,0.0008022964669724963
2016-03-11,170.93844604492188,137964500,0.016137014323090115,False,0.015596387768707738
2016-03-14,170.71923828125,73612000,-0.0012823783574952285,False,-0.0012823783574952285
2016-03-15,170.4410400390625,93169100,-0.0016295658590579354,False,-0.0016295658590579354
2016-03-16,171.42742919921875,129303200,0.005787274942292031,False,0.005787274942292031
2016-03-17,172.5150146484375,134278500,0.006344290725813995,False,0.006344290725813995
2016-03-18,173.19288635253906,138372400,0.003929349022071982,False,0.003929349022071982
2016-03-21,173.43865966796875,72926700,0.001419072807236521,False,0.001419072807236521
2016-03-22,173.3455047607422,97471900,-0.0005371057837099125,False,-0.0005371057837099125
2016-03-23,172.20144653320312,81052500,-0.0065998724865588,False,-0.0065998724865588
2016-03-24,172.12518310546875,84360900,-0.00044287332812664726,False,-0.00044287332812664726
2016-03-28,172.22686767578125,62408200,0.0005907594024181506,False,0.0005907594024181506
2016-03-29,173.8200225830078,92922900,0.009250327366028044,False,0.009250327366028044
2016-03-30,174.58270263671875,86365300,0.004387757189173724,False,0.004387757189173724
2016-03-31,174.158935546875,94584100,-0.0024273142954233107,False,-0.0024273142954233107
2016-04-01,175.34532165527344,114423500,0.006812088651512838,False,0.006812088651512838
2016-04-04,174.77752685546875,63497000,-0.003238151976024617,False,-0.003238151976024617
2016-04-05,173.03195190429688,99662200,-0.009987410753416692,False,-0.009987410753416692
2016-04-06,174.921630859375,91839800,0.010920982710310723,False,0.010920982710310723
2016-04-07,172.8285369873047,113859000,-0.011965895022743145,False,-0.011965895022743145
2016-04-08,173.29458618164062,95040600,0.002696598619996271,False,0.002696598619996271
2016-04-11,172.88784790039062,83757500,-0.0023470916790422347,False,-0.0023470916790422347
2016-04-12,174.49789428710938,115350600,0.009312663708130442,False,0.009312663708130442
2016-04-13,176.2605438232422,96336400,0.010101265366747825,False,0.010101265366747825
2016-04-14,176.2689666748047,65212900,4.778636999414054e-05,False,4.778636999414054e-05
2016-04-15,176.07411193847656,75761600,-0.0011054398287113631,False,-0.0011054398287113631
2016-04-18,177.31129455566406,82531000,0.007026487900843703,False,0.007026487900843703
2016-04-19,177.87057495117188,88316100,0.0031542288206136693,False,0.0031542288206136693
2016-04-20,178.0400848388672,81100300,0.0009529956696987529,False,0.0009529956696987529
2016-04-21,177.08250427246094,85695000,-0.005378454898361196,False,-0.005378454898361196
2016-04-22,177.08250427246094,99251700,0.0,False,0.0
2016-04-25,176.7774658203125,66166500,-0.0017225781474102808,False,-0.0017225781474102808
2016-04-26,177.04014587402344,75864200,0.0014859363012813542,False,0.0014859363012813542
2016-04-27,177.40455627441406,77329400,0.002058348961426759,False,0.002058348961426759
2016-04-28,175.79443359375,97216200,-0.009075993956848993,False,-0.009075993956848993
2016-04-29,174.84539794921875,142424100,-0.00539855344182516,False,-0.00539855344182516
2016-05-02,176.2350616455078,62188000,0.007947956952762736,False,0.007947956952762736
2016-05-03,174.70130920410156,106422100,-0.008702879138155595,False,-0.008702879138155595
2016-05-04,173.72679138183594,92243800,-0.005578194157246474,False,-0.005578194157246474
2016-05-05,173.69284057617188,67619200,-0.00019542642441050528,False,-0.00019542642441050528
2016-05-06,174.32843017578125,89315000,0.0036592734478921862,False,0.0036592734478921862
2016-05-09,174.47244262695312,74374900,0.0008260984799017823,False,0.0008260984799017823
2016-05-10,176.64186096191406,77472200,0.012434160388293813,False,0.012434160388293813
2016-05-11,174.98944091796875,81727000,-0.009354634484413538,False,-0.009354634484413538
2016-05-12,175.04025268554688,89586300,0.0002903704778502991,False,0.0002903704778502991
2016-05-13,173.51499938964844,96474600,-0.008713728828068423,False,-0.008713728828068423
2016-05-16,175.2266845703125,77486800,0.009864767810765951,False,0.009864767810765951
2016-05-17,173.59121704101562,114924900,-0.009333438758527768,False,-0.009333438758527768
2016-05-18,173.64207458496094,120062100,0.00029297302485820076,False,0.00029297302485820076
2016-05-19,173.04039001464844,115430500,-0.0034650851284209194,False,-0.0034650851284209194
2016-05-20,174.13356018066406,104990400,0.006317427774654716,False,0.006317427774654716
2016-05-23,173.89625549316406,58682600,-0.0013627739951667106,False,-0.0013627739951667106
2016-05-24,176.150390625,93537800,0.012962528292764564,False,0.012962528292764564
2016-05-25,177.34519958496094,76621400,0.0067828913448424455,False,0.0067828913448424455
2016-05-26,177.3960418701172,55280700,0.0002866854320007217,False,0.0002866854320007217
2016-05-27,178.15870666503906,64211200,0.004299221036060397,False,0.004299221036060397
2016-05-31,177.8197479248047,109879400,-0.0019025662375943275,False,-0.0019025662375943275
2016-06-01,178.1841583251953,69936200,0.0020493246933670495,False,0.0020493246933670495
2016-06-02,178.7264404296875,63044700,0.003043380004088103,False,0.003043380004088103
2016-06-03,178.1925506591797,101757100,-0.0029871896358717454,False,-0.0029871896358717454
2016-06-06,179.09933471679688,64887000,0.005088787686481577,False,0.005088787686481577
2016-06-07,179.37896728515625,60974800,0.001561326672717911,False,0.001561326672717911
2016-06-08,179.963623046875,66170900,0.003259332855837682,False,0.003259332855837682
2016-06-09,179.7179412841797,73786900,-0.001365174575482464,False,-0.001365174575482464
2016-06-10,178.01463317871094,113829200,-0.009477674256102131,False,-0.009477674256102131
2016-06-13,176.64186096191406,117751200,-0.007711569505742477,False,-0.007711569505742477
2016-06-14,176.29441833496094,125059300,-0.001966932555290679,False,-0.001966932555290679
2016-06-15,176.04869079589844,109124500,-0.0013938475272405881,False,-0.0013938475272405881
2016-06-16,176.5740966796875,149533100,0.0029844350526764263,False,0.0029844350526764263
2016-06-17,175.91647338867188,117055700,-0.003724347474412304,False,-0.003724347474412304
2016-06-20,177.04937744140625,82789600,0.006440011165022241,False,0.006440011165022241
2016-06-21,177.55194091796875,72461700,0.002838549809240698,False,0.002838549809240698
2016-06-22,177.2623291015625,95560500,-0.0016311385553371416,False,-0.0016311385553371416
2016-06-23,179.5707244873047,102731400,0.013022481411826492,False,0.013022481411826492
2016-06-24,173.12254333496094,333444400,-0.03590886638539803,True,-0.016530752453280957
2016-06-27,170.02194213867188,230775800,-0.017909863941231285,False,-0.016530752453280957
2016-06-28,173.08847045898438,159382400,0.018036073942805597,False,0.015596387768707738
2016-06-29,176.0357666015625,137328600,0.017027686100424155,False,0.015596387768707738
2016-06-30,178.43783569335938,165021900,0.013645346841552275,False,0.013645346841552275
2016-07-01,178.81260681152344,106055300,0.0021002895305684,False,0.0021002895305684
2016-07-05,177.5264129638672,109803700,-0.00719297073394809,False,-0.00719297073394809
2016-07-06,178.59115600585938,96021500,0.0059976598648951995,False,0.0059976598648951995
2016-07-07,178.48048400878906,85593800,-0.0006196947236664085,False,-0.0006196947236664085
2016-07-08,181.1380615234375,133971000,0.01489001741231033,False,0.01489001741231033
2016-07-11,181.7769317626953,73633900,0.003526979552970211,False,0.003526979552970211
2016-07-12,183.0972442626953,101275600,0.007263366628520451,False,0.007263366628520451
2016-07-13,183.0717010498047,87324100,-0.00013950626615644168,False,-0.00013950626615644168
2016-07-14,184.09388732910156,91230900,0.005583529695934786,False,0.005583529695934786
2016-07-15,183.8468017578125,107155400,-0.0013421715129918743,False,-0.0013421715129918743
2016-07-18,184.34088134765625,58725900,0.002687452733034945,False,0.002687452733034945
2016-07-19,184.1535186767578,54345700,-0.00101639240047402,False,-0.00101639240047402
2016-07-20,184.92007446289062,58159500,0.004162591036223073,False,0.004162591036223073
2016-07-21,184.22166442871094,67777300,-0.0037768210736895957,False,-0.0037768210736895957
2016-07-22,185.0479278564453,62787500,0.004485158845441317,False,0.004485158845441317
2016-07-25,184.54525756835938,55873100,-0.00271643294744639,False,-0.00271643294744639
2016-07-26,184.63050842285156,70080500,0.00046195093613077276,False,0.00046195093613077276
2016-07-27,184.43460083007812,84083900,-0.0010610792032526017,False,-0.0010610792032526017
2016-07-28,184.64756774902344,65035700,0.0011547015472521682,False,0.0011547015472521682
2016-07-29,184.9456787109375,79519400,0.0016144862645537383,False,0.0016144862645537383
2016-08-01,184.7923583984375,73311400,-0.0008290018645941144,False,-0.0008290018645941144
2016-08-02,183.6083221435547,92295500,-0.006407387541046861,False,-0.006407387541046861
2016-08-03,184.1449737548828,53993600,0.0029228065757747057,False,0.0029228065757747057
2016-08-04,184.34088134765625,46585500,0.001063876948573128,False,0.001063876948573128
2016-08-05,185.8485870361328,71892200,0.008178900293056124,False,0.008178900293056124
2016-08-08,185.73788452148438,39906500,-0.000595659705644791,False,-0.000595659705644791
2016-08-09,185.8485870361328,51251700,0.0005960147276020678,False,0.0005960147276020678
2016-08-10,185.388671875,57941100,-0.002474676662693187,False,-0.002474676662693187
2016-08-11,186.24896240234375,72504300,0.00464046976896082,False,0.00464046976896082
2016-08-12,186.08712768554688,61313500,-0.0008689160718504674,False,-0.0008689160718504674
2016-08-15,186.6237335205078,49813500,0.0028836268345637794,False,0.0028836268345637794
2016-08-16,185.66127014160156,53213600,-0.005157239975592365,False,-0.005157239975592365
2016-08-17,186.0104522705078,75134300,0.0018807483576943618,False,0.0018807483576943618
2016-08-18,186.42788696289062,52989300,0.0022441464298776914,False,0.0022441464298776914
2016-08-19,186.15525817871094,75443000,-0.0014623819892028989,False,-0.0014623819892028989
2016-08-22,186.14675903320312,61368800,-4.5656220463263786e-05,False,-4.5656220463263786e-05
2016-08-23,186.5215301513672,53399200,0.0020133099287387157,False,0.0020133099287387157
2016-08-24,185.56752014160156,71728900,-0.005114744710658425,False,-0.005114744710658425
2016-08-25,185.43984985351562,69224800,-0.000687999106678383,False,-0.000687999106678383
2016-08-26,185.0904998779297,122506300,-0.0018838991503816738,False,-0.0018838991503816738
2016-08-29,186.00193786621094,70502200,0.004924282925824697,False,0.004924282925824697
2016-08-30,185.69529724121094,58114500,-0.0016485883347117092,False,-0.0016485883347117092
2016-08-31,185.1671905517578,85269500,-0.0028439421853916347,False,-0.0028439421853916347
2016-09-01,185.17564392089844,97844200,4.5652629471870654e-05,False,4.5652629471870654e-05
2016-09-02,186.0104522705078,79293900,0.00450819736296415,False,0.00450819736296415
2016-09-06,186.57261657714844,56702100,0.0030222189117796727,False,0.0030222189117796727
2016-09-07,186.55563354492188,76554900,-9.10263925013588e-05,False,-9.10263925013588e-05
2016-09-08,186.12966918945312,74102900,-0.002283310063462496,False,-0.002283310063462496
2016-09-09,181.67471313476562,221589100,-0.023934690659945246,True,-0.016530752453280957
2016-09-12,184.28125,168110900,0.014347273873501987,False,0.014347273873501987
2016-09-13,181.63217163085938,182828800,-0.014375192099796541,False,-0.014375192099796541
2016-09-14,181.5640106201172,134185500,-0.00037526948078736577,False,-0.00037526948078736577
2016-09-15,183.3783416748047,134427900,0.009992790137708374,False,0.009992790137708374
2016-09-16,182.66944885253906,155236400,-0.0038657390823325644,False,-0.0038657390823325644
2016-09-19,182.70372009277344,80250500,0.0001876134211258318,False,0.0001876134211258318
2016-09-20,182.71226501464844,69665300,4.676928236957423e-05,False,4.676928236957423e-05
2016-09-21,184.7669677734375,110284400,0.011245565581622818,False,0.011245565581622818
2016-09-22,185.93125915527344,76678700,0.0063014043898994565,False,0.0063014043898994565
2016-09-23,184.9125213623047,73630900,-0.0054791098473548905,False,-0.0054791098473548905
2016-09-26,183.41429138183594,89827300,-0.00810237170220196,False,-0.00810237170220196
2016-09-27,184.55299377441406,78494800,0.006208362412760682,False,0.006208362412760682
2016-09-28,185.46897888183594,87411000,0.004963263335308055,False,0.004963263335308055
2016-09-29,183.79092407226562,128070600,-0.009047630604789303,False,-0.009047630604789303
2016-09-30,185.17791748046875,117202900,0.007546582700992177,False,0.007546582700992177
2016-10-03,184.73277282714844,83512100,-0.0024038754694779563,False,-0.0024038754694779563
2016-10-04,183.79092407226562,119948100,-0.00509843889889583,False,-0.00509843889889583
2016-10-05,184.6043243408203,72816000,0.004425682457719571,False,0.004425682457719571
2016-10-06,184.73277282714844,62927400,0.0006958043197893282,False,0.0006958043197893282
2016-10-07,184.0991668701172,89788300,-0.003429851386597793,False,-0.003429851386597793
2016-10-10,185.0580291748047,51855000,0.005208401107887672,False,0.005208401107887672
2016-10-11,182.72084045410156,130367400,-0.012629491036540874,False,-0.012629491036540874
2016-10-12,182.96060180664062,73866100,0.0013121729953913253,False,0.0013121729953913253
2016-10-13,182.3612823486328,101357000,-0.003275674938155282,False,-0.003275674938155282
2016-10-14,182.45545959472656,93346200,0.0005164322430772916,False,0.0005164322430772916
2016-10-17,181.8219451904297,58275700,-0.003472159209179315,False,-0.003472159209179315
2016-10-18,182.96060180664062,76869700,0.006262481764884642,False,0.006262481764884642
2016-10-19,183.4485321044922,66519200,0.002666859930681831,False,0.002666859930681831
2016-10-20,183.1060791015625,73639800,-0.0018667524836591953,False,-0.0018667524836591953
2016-10-21,183.19175720214844,89089100,0.00046791510694954574,False,0.00046791510694954574
2016-10-24,183.9707489013672,60146600,0.004252329423092727,False,0.004252329423092727
2016-10-25,183.35440063476562,66542300,-0.0033502514409614603,False,-0.0033502514409614603
2016-10-26,182.98629760742188,75705500,-0.0020076039957012126,False,-0.0020076039957012126
2016-10-27,182.4982452392578,77220200,-0.00266715253844374,False,-0.00266715253844374
2016-10-28,181.95884704589844,140623200,-0.0029556349577619656,False,-0.0029556349577619656
2016-10-31,181.96746826171875,61272500,4.738003103610389e-05,False,4.738003103610389e-05
2016-11-01,180.64907836914062,122781800,-0.0072451955570537185,False,-0.0072451955570537185
2016-11-02,179.56178283691406,103330800,-0.006018826899325647,False,-0.006018826899325647
2016-11-03,178.73992919921875,88939300,-0.004576996422683943,False,-0.004576996422683943
2016-11-04,178.54296875,109122100,-0.0011019387223725197,False,-0.0011019387223725197
2016-11-07,182.4811248779297,109794900,0.022057189681011558,True,0.015596387768707738
2016-11-08,183.30299377441406,106772100,0.004503857026496139,False,0.004503857026496139
2016-11-09,185.24642944335938,258429000,0.010602312755115362,False,0.010602312755115362
2016-11-10,185.70867919921875,172113300,0.002495323430785623,False,0.002495323430785623
2016-11-11,185.2806396484375,100552700,-0.0023048979327566776,False,-0.0023048979327566776
2016-11-14,185.42617797851562,94580000,0.0007855020921467837,False,0.0007855020921467837
2016-11-15,186.87303161621094,91652600,0.007802855311308532,False,0.007802855311308532
2016-11-16,186.52203369140625,65617700,-0.0018782695489499845,False,-0.0018782695489499845
2016-11-17,187.48086547851562,69797200,0.00514058188265154,False,0.00514058188265154
2016-11-18,187.06134033203125,86265800,-0.002237695806521889,False,-0.002237695806521889
2016-11-21,188.47398376464844,72402600,0.007551765801045551,False,0.007551765801045551
2016-11-22,188.842041015625,67429000,0.0019528278843841118,False,0.0019528278843841118
2016-11-23,188.94482421875,56620200,0.0005442813611429287,False,0.0005442813611429287
2016-11-25,189.64682006835938,37872300,0.003715348396083229,False,0.003715348396083229
2016-11-28,188.7564697265625,76572500,-0.004694781285950023,False,-0.004694781285950023
2016-11-29,189.12461853027344,69886700,0.0019503903852633453,False,0.0019503903852633453
2016-11-30,188.6708526611328,113291800,-0.002399295621410502,False,-0.002399295621410502
2016-12-01,187.9774169921875,79040500,-0.003675372529273413,False,-0.003675372529273413
2016-12-02,188.071533203125,74840300,0.0005006782859529046,False,0.0005006782859529046
2016-12-05,189.20167541503906,67837800,0.0060091083039848225,False,0.0060091083039848225
2016-12-06,189.80096435546875,59877400,0.003167461065633148,False,0.003167461065633148
2016-12-07,192.28367614746094,110738100,0.013080606836867403,False,0.013080606836867403
2016-12-08,192.75453186035156,99714400,0.0024487555174965703,False,0.0024487555174965703
2016-12-09,193.91880798339844,88005800,0.006040201036053405,False,0.006040201036053405
2016-12-12,193.69625854492188,102016100,-0.0011476423601758379,False,-0.0011476423601758379
2016-12-13,194.98895263671875,110477500,0.006673820658735563,False,0.006673820658735563
2016-12-14,193.37948608398438,142501800,-0.008254142252525187,False,-0.008254142252525187
2016-12-15,194.17568969726562,124972600,0.004117311662186651,False,0.004117311662186651
2016-12-16,193.7958984375,156420200,-0.0019559155956018204,False,-0.0019559155956018204
2016-12-19,194.2178955078125,90341100,0.002177533548000321,False,0.002177533548000321
2016-12-20,194.96710205078125,89838800,0.0038575566942986583,False,0.0038575566942986583
2016-12-21,194.424560546875,67909000,-0.0027827335904337946,False,-0.0027827335904337946
2016-12-22,194.0887451171875,56219100,-0.0017272274076017835,False,-0.0017272274076017835
2016-12-23,194.37290954589844,36697800,0.0014640953474112095,False,0.0014640953474112095
2016-12-27,194.8551483154297,42672500,0.0024809978440816227,False,0.0024809978440816227
2016-12-28,193.24476623535156,64095000,-0.008264508759456834,False,-0.008264508759456834
2016-12-29,193.2017059326172,48696100,-0.00022282778247117996,False,-0.00022282778247117996
2016-12-30,192.4955596923828,108998300,-0.0036549689705155375,False,-0.0036549689705155375
2017-01-03,193.9680938720703,91366500,0.007649704658334366,False,0.007649704658334366
2017-01-04,195.12210083007812,78744400,0.005949467950996823,False,0.005949467950996823
2017-01-05,194.96710205078125,78379000,-0.000794368134811374,False,-0.000794368134811374
2017-01-06,195.66464233398438,71559900,0.0035777332476401025,False,0.0035777332476401025
2017-01-09,195.018798828125,46939700,-0.0033007675692217076,False,-0.0033007675692217076
2017-01-10,195.018798828125,63771900,0.0,False,0.0
2017-01-11,195.5699005126953,74650000,0.0028258900571733747,False,0.0028258900571733747
2017-01-12,195.07901000976562,72113200,-0.0025100514017892817,False,-0.0025100514017892817
2017-01-13,195.52687072753906,62717900,0.002295791421901505,False,0.002295791421901505
2017-01-17,194.83787536621094,61240800,-0.003523788616697221,False,-0.003523788616697221
2017-01-18,195.26849365234375,54793300,0.0022101364291897685,False,0.0022101364291897685
2017-01-19,194.54510498046875,66608800,-0.0037045846892378442,False,-0.0037045846892378442
2017-01-20,195.25990295410156,129168600,0.003674201793484322,False,0.003674201793484322
2017-01-23,194.75177001953125,75061600,-0.002602341427414112,False,-0.002602341427414112
2017-01-24,196.00048828125,95555300,0.006411845507712233,False,0.006411845507712233
2017-01-25,197.69703674316406,84437700,0.008655837935870991,False,0.008655837935870991
2017-01-26,197.49024963378906,59970700,-0.0010459798122500752,False,-0.0010459798122500752
2017-01-27,197.1802215576172,59711100,-0.0015698399123337259,False,-0.0015698399123337259
2017-01-30,195.9574432373047,79737300,-0.006201323391632374,False,-0.006201323391632374
2017-01-31,195.940185546875,75880800,-8.806856297260968e-05,False,-8.806856297260968e-05
2017-02-01,196.0177001953125,79117700,0.00039560362883772626,False,0.00039560362883772626
2017-02-02,196.1468505859375,69657600,0.0006588710636656891,False,0.0006588710636656891
2017-02-03,197.4989013671875,80563200,0.006893053736071186,False,0.006893053736071186
2017-02-06,197.14585876464844,57790100,-0.001787567424907821,False,-0.001787567424907821
2017-02-07,197.15451049804688,57931200,4.388493601981125e-05,False,4.388493601981125e-05
2017-02-08,197.41281127929688,51566200,0.001310143909959205,False,0.001310143909959205
2017-02-09,198.58401489257812,65955200,0.005932763966489674,False,0.005932763966489674
2017-02-10,199.3676300048828,66015900,0.003946013040015295,False,0.003946013040015295
2017-02-13,200.4527130126953,55182100,0.005442623798988411,False,0.005442623798988411
2017-02-14,201.25357055664062,71109000,0.0039952442244799435,False,0.0039952442244799435
2017-02-15,202.30421447753906,86785800,0.005220498289757014,False,0.005220498289757014
2017-02-16,202.13197326660156,84722400,-0.0008513970476705657,False,-0.0008513970476705657
2017-02-17,202.45057678222656,77204100,0.0015762153333593876,False,0.0015762153333593876
2017-02-21,203.65623474121094,88946100,0.005955319950909699,False,0.005955319950909699
2017-02-22,203.47537231445312,62115200,-0.0008880770430997886,False,-0.0008880770430997886
2017-02-23,203.61312866210938,74615900,0.0006770173023364912,False,0.0006770173023364912
2017-02-24,203.87155151367188,82381600,0.0012691856034063864,False,0.0012691856034063864
2017-02-27,204.190185546875,56515400,0.0015629156242613629,False,0.0015629156242613629
2017-02-28,203.63902282714844,96961900,-0.0026992615646554974,False,-0.0026992615646554974
2017-03-01,206.4894256591797,149158200,0.013997331122781453,False,0.013997331122781453
2017-03-02,205.1890869140625,70246000,-0.006297362399871553,False,-0.006297362399871553
2017-03-03,205.3182373046875,81974300,0.0006294213428568174,False,0.0006294213428568174
2017-03-06,204.7068328857422,55391500,-0.0029778378529423666,False,-0.0029778378529423666
2017-03-07,204.09539794921875,65103700,-0.002986880935550995,False,-0.002986880935550995
2017-03-08,203.7164764404297,78168800,-0.0018565901661503625,False,-0.0018565901661503625
2017-03-09,203.9748077392578,90683900,0.001268092318019498,False,0.001268092318019498
2017-03-10,204.68960571289062,81991700,0.0035043443921101147,False,0.0035043443921101147
2017-03-13,204.79290771484375,57256800,0.0005046763444256364,False,0.0005046763444256364
2017-03-14,204.0093231201172,59880800,-0.00382622915739661,False,-0.00382622915739661
2017-03-15,205.774658203125,96081800,0.008653207882898695,False,0.008653207882898695
2017-03-16,205.36988830566406,78344000,-0.0019670541600966818,False,-0.0019670541600966818
2017-03-17,205.00927734375,89002100,-0.0017559096169801336,False,-0.0017559096169801336
2017-03-20,204.784423828125,52537000,-0.0010967967817767654,False,-0.0010967967817767654
2017-03-21,202.15504455566406,131809300,-0.012839742512193109,False,-0.012839742512193109
2017-03-22,202.63075256347656,97569200,0.0023531839576800273,False,0.0023531839576800273
2017-03-23,202.4145050048828,100410300,-0.001067200096026899,False,-0.001067200096026899
2017-03-24,202.2675018310547,112504900,-0.0007262482193387543,False,-0.0007262482193387543
2017-03-27,202.05996704101562,87454500,-0.0010260411987111917,False,-0.0010260411987111917
2017-03-28,203.5302734375,93483900,0.007276584362631011,False,0.007276584362631011
2017-03-29,203.7205352783203,61950400,0.0009348085550464624,False,0.0009348085550464624
2017-03-30,204.3691864013672,56737900,0.0031840242426257603,False,0.0031840242426257603
2017-03-31,203.8935546875,73733100,-0.002327316178345362,False,-0.002327316178345362
2017-04-03,203.53890991210938,85546500,-0.0017393623645149958,False,-0.0017393623645149958
2017-04-04,203.6686553955078,56466200,0.0006374480606901045,False,0.0006374480606901045
2017-04-05,203.063232421875,108800600,-0.0029725878656051696,False,-0.0029725878656051696
2017-04-06,203.63401794433594,69135800,0.002810875783140876,False,0.002810875783140876
2017-04-07,203.426513671875,74412300,-0.0010190059330738022,False,-0.0010190059330738022
2017-04-10,203.54754638671875,67615300,0.0005949702064844686,False,0.0005949702064844686
2017-04-11,203.305419921875,88045300,-0.001189532711849739,False,-0.001189532711849739
2017-04-12,202.4145050048828,81864400,-0.00438215034962941,False,-0.00438215034962941
2017-04-13,201.0998992919922,92880400,-0.006494622076905543,False,-0.006494622076905543
2017-04-17,202.88162231445312,68405400,0.008859890177637109,False,0.008859890177637109
2017-04-18,202.27613830566406,83225800,-0.0029844201849421603,False,-0.0029844201849421603
2017-04-19,201.90420532226562,68699900,-0.0018387387979317271,False,-0.0018387387979317271
2017-04-20,203.54754638671875,92572200,0.008139211671347457,False,0.008139211671347457
2017-04-21,202.89889526367188,110389800,-0.0031867302483445936,False,-0.0031867302483445936
2017-04-24,205.1303253173828,119209900,0.01099774373246909,False,0.01099774373246909
2017-04-25,206.3239288330078,76698300,0.005818756996452068,False,0.005818756996452068
2017-04-26,206.19418334960938,84702500,-0.0006288436059369573,False,-0.0006288436059369573
2017-04-27,206.36720275878906,57410300,0.0008391090687864811,False,0.0008391090687864811
2017-04-28,205.91737365722656,63532800,-0.0021797509272259985,False,-0.0021797509272259985
2017-05-01,206.4363555908203,66882500,0.0025203406802267736,False,0.0025203406802267736
2017-05-02,206.5142059326172,57375700,0.00037711546289442843,False,0.00037711546289442843
2017-05-03,206.26333618164062,73137700,-0.0012147820526129394,False,-0.0012147820526129394
2017-05-04,206.50555419921875,61462700,0.0011743144567624153,False,0.0011743144567624153
2017-05-05,207.31854248046875,62001300,0.003936883365692534,False,0.003936883365692534
2017-05-08,207.28395080566406,48385700,-0.00016685277829375789,False,-0.00016685277829375789
2017-05-09,207.09368896484375,51363200,-0.0009178802318308144,False,-0.0009178802318308144
2017-05-10,207.46563720703125,54293800,0.0017960385178643623,False,0.0017960385178643623
2017-05-11,207.04176330566406,62358300,-0.0020431041355740698,False,-0.0020431041355740698
2017-05-12,206.69586181640625,53912700,-0.0016706846180939428,False,-0.0016706846180939428
2017-05-15,207.83750915527344,61918900,0.005523319764772161,False,0.005523319764772161
2017-05-16,207.64724731445312,51241800,-0.0009154355322752439,False,-0.0009154355322752439
2017-05-17,203.9627227783203,172174100,-0.017744153046985067,False,-0.016530752453280957
2017-05-18,204.784423828125,107047700,0.004028682489681135,False,0.004028682489681135
2017-05-19,206.1163787841797,115011400,0.006504180987771724,False,0.006504180987771724
2017-05-22,207.16287231445312,61010600,0.005077197340873196,False,0.005077197340873196
2017-05-23,207.6212921142578,48341700,0.0022128472862108506,False,0.0022128472862108506
2017-05-24,208.10565185546875,46927700,0.0023329001388951998,False,0.0023329001388951998
2017-05-25,209.10025024414062,64071700,0.004779295419437446,False,0.004779295419437446
2017-05-26,209.05702209472656,46629900,-0.0002067340874226664,False,-0.0002067340874226664
2017-05-30,208.87538146972656,35201900,-0.000868856846710897,False,-0.000868856846710897
2017-05-31,208.8235321044922,91796000,-0.0002482310977461877,False,-0.0002482310977461877
2017-06-01,210.4841766357422,68962000,0.007952382159780003,False,0.007952382159780003
2017-06-02,211.18472290039062,88666100,0.0033282609450533407,False,0.0033282609450533407
2017-06-05,211.02903747558594,44698800,-0.0007372002229447672,False,-0.0007372002229447672
2017-06-06,210.35443115234375,50375400,-0.0031967464350503016,False,-0.0031967464350503016
2017-06-07,210.74362182617188,54144300,0.0018501662726859713,False,0.0018501662726859713
2017-06-08,210.84738159179688,65950700,0.0004923506805372124,False,0.0004923506805372124
2017-06-09,210.52734375,132256400,-0.0015178649095888286,False,-0.0015178649095888286
2017-06-12,210.4841766357422,86108100,-0.00020504279153910066,False,-0.00020504279153910066
2017-06-13,211.5133819580078,60067000,0.004889704008709028,False,0.004889704008709028
2017-06-14,211.2452850341797,78602300,-0.0012675175506453584,False,-0.0012675175506453584
2017-06-15,210.83872985839844,66464900,-0.0019245644972168963,False,-0.0019245644972168963
2017-06-16,210.88478088378906,84553100,0.00021841824517521147,False,0.00021841824517521147
2017-06-19,212.6404571533203,65123800,0.008325286737968618,False,0.008325286737968618
2017-06-20,211.2063751220703,56906400,-0.00674416360107799,False,-0.00674416360107799
2017-06-21,211.15426635742188,55977600,-0.00024671965805156404,False,-0.00024671965805156404
2017-06-22,211.05860900878906,44148100,-0.00045302115028489354,False,-0.00045302115028489354
2017-06-23,211.31069946289062,66986800,0.0011944097200558002,False,0.0011944097200558002
2017-06-26,211.44976806640625,56700500,0.0006581238142182588,False,0.0006581238142182588
2017-06-27,209.74624633789062,82247700,-0.008056389676344478,False,-0.008056389676344478
2017-06-28,211.6235809326172,70042600,0.008950503894607387,False,0.008950503894607387
2017-06-29,209.763671875,106949700,-0.008788760918894911,False,-0.008788760918894911
2017-06-30,210.1547393798828,86820700,0.0018643242721068098,False,0.0018643242721068098
2017-07-03,210.51107788085938,39153800,0.0016956005942478924,False,0.0016956005942478924
2017-07-05,210.99783325195312,54427600,0.0023122553738916807,False,0.0023122553738916807
2017-07-06,209.0683135986328,65400800,-0.009144736813558985,False,-0.009144736813558985
2017-07-07,210.42417907714844,57972300,0.006485274861491419,False,0.006485274861491419
2017-07-10,210.65013122558594,36663300,0.0010737936554081617,False,0.0010737936554081617
2017-07-11,210.49368286132812,50354600,-0.0007426929351886935,False,-0.0007426929351886935
2017-07-12,212.07553100585938,59610400,0.007514943550934738,False,0.007514943550934738
2017-07-13,212.43190002441406,39471600,0.0016803872510160467,False,0.0016803872510160467
2017-07-14,213.4226531982422,60262700,0.00466386250706341,False,0.00466386250706341
2017-07-17,213.3966064453125,33531900,-0.0001220430565329611,False,-0.0001220430565329611
2017-07-18,213.50958251953125,42742500,0.0005294183262829488,False,0.0005294183262829488
2017-07-19,214.66551208496094,51034300,0.005413947007853581,False,0.005413947007853581
2017-07-20,214.76112365722656,47135200,0.00044539791854303346,False,0.00044539791854303346
2017-07-21,214.56991577148438,82340800,-0.0008903282050589656,False,-0.0008903282050589656
2017-07-24,214.5177764892578,46622300,-0.0002429943733681661,False,-0.0002429943733681661
2017-07-25,215.0392608642578,54915600,0.00243096112375607,False,0.00243096112375607
2017-07-26,215.0479278564453,47575400,4.030423166767605e-05,False,4.030423166767605e-05
2017-07-27,214.8480224609375,70766600,-0.0009295853138434618,False,-0.0009295853138434618
2017-07-28,214.5959930419922,50088400,-0.0011730590584846379,False,-0.0011730590584846379
2017-07-31,214.47433471679688,65838700,-0.0005669179720960704,False,-0.0005669179720960704
2017-08-01,214.95236206054688,55050400,0.002228832388645463,False,0.002228832388645463
2017-08-02,215.05665588378906,47211200,0.000485195055510923,False,0.000485195055510923
2017-08-03,214.63943481445312,40856000,-0.001940051878986715,False,-0.001940051878986715
2017-08-04,215.0305633544922,60191800,0.0018222585256859603,False,0.0018222585256859603
2017-08-07,215.4303741455078,31995000,0.0018593207624932884,False,0.0018593207624932884
2017-08-08,214.900146484375,61719400,-0.0024612483881900626,False,-0.0024612483881900626
2017-08-09,214.89151000976562,62632600,-4.01883142039372e-05,False,-4.01883142039372e-05
2017-08-10,211.8582000732422,120479500,-0.014115541076451077,False,-0.014115541076451077
2017-08-11,212.1710968017578,74869900,0.0014769158258092219,False,0.0014769158258092219
2017-08-14,214.27442932128906,73291900,0.009913379113539289,False,0.009913379113539289
2017-08-15,214.248291015625,55242700,-0.0001219851838917263,False,-0.0001219851838917263
2017-08-16,214.62205505371094,56715500,0.0017445368470112577,False,0.0017445368470112577
2017-08-17,211.2759246826172,128490400,-0.015590803891316507,False,-0.015590803891316507
2017-08-18,210.94561767578125,136748000,-0.001563391604282982,False,-0.001563391604282982
2017-08-21,211.11080932617188,65469700,0.0007831006503511428,False,0.0007831006503511428
2017-08-22,213.31837463378906,63140100,0.010456903247461957,False,0.010456903247461957
2017-08-23,212.5535888671875,50203800,-0.003585184670164887,False,-0.003585184670164887
2017-08-24,212.0581512451172,50741700,-0.0023308833537498685,False,-0.0023308833537498685
2017-08-25,212.5535888671875,64445900,0.0023363290642746115,False,0.0023363290642746115
2017-08-28,212.562255859375,40565600,4.077556268833327e-05,False,4.077556268833327e-05
2017-08-29,212.80563354492188,51135700,0.0011449713146998164,False,0.0011449713146998164
2017-08-30,213.81378173828125,62030800,0.004737413087076758,False,0.004737413087076758
2017-08-31,215.10011291503906,103803900,0.006016128456735048,False,0.006016128456735048
2017-09-01,215.40428161621094,62007000,0.0014140796908461706,False,0.0014140796908461706
2017-09-05,213.85723876953125,91398800,-0.007182043156579776,False,-0.007182043156579776
2017-09-06,214.5872802734375,57916900,0.0034136861960187836,False,0.0034136861960187836
2017-09-07,214.5612030029297,58034700,-0.00012152290888156614,False,-0.00012152290888156614
2017-09-08,214.3092041015625,63832800,-0.0011744849387507195,False,-0.0011744849387507195
2017-09-11,216.59494018554688,71364800,0.010665599238104395,False,0.010665599238104395
2017-09-12,217.3250732421875,56896000,0.0033709608175294115,False,0.0033709608175294115
2017-09-13,217.42938232421875,59228000,0.0004799680058775735,False,0.0004799680058775735
2017-09-14,217.35977172851562,95446300,-0.00032015266271290255,False,-0.00032015266271290255
2017-09-15,217.6523895263672,95432400,0.0013462371418804242,False,0.0013462371418804242
2017-09-18,218.11532592773438,46235200,0.00212695299314003,False,0.00212695299314003
2017-09-19,218.33367919921875,47108100,0.0010010909162647685,False,0.0010010909162647685
2017-09-20,218.41232299804688,59574100,0.00036020003472003737,False,0.00036020003472003737
2017-09-21,217.82713317871094,48211400,-0.002679289388544115,False,-0.002679289388544115
2017-09-22,217.8708038330078,51214000,0.00020048307875875082,False,0.00020048307875875082
2017-09-25,217.42529296875,57064400,-0.0020448396775516464,False,-0.0020448396775516464
2017-09-26,217.55630493164062,54082000,0.0006025608203248378,False,0.0006025608203248378
2017-09-27,218.40357971191406,81001400,0.0038945080471910476,False,0.0038945080471910476
2017-09-28,218.6656494140625,44778800,0.0011999331810135239,False,0.0011999331810135239
2017-09-29,219.43423461914062,85578000,0.003514887716189685,False,0.003514887716189685
2017-10-02,220.3862762451172,59023000,0.004338619393774001,False,0.004338619393774001
2017-10-03,220.85794067382812,66810200,0.002140171505898847,False,0.002140171505898847
2017-10-04,221.11993408203125,55953600,0.001186253061147724,False,0.001186253061147724
2017-10-05,222.4301300048828,63522800,0.00592527276335697,False,0.00592527276335697
2017-10-06,222.17684936523438,80646000,-0.0011386975300642366,False,-0.0011386975300642366
2017-10-09,221.8100128173828,35803100,-0.0016511015837141763,False,-0.0016511015837141763
2017-10-10,222.39517211914062,43057400,0.0026381104005417377,False,0.0026381104005417377
2017-10-11,222.7445526123047,47674300,0.0015709895580686695,False,0.0015709895580686695
2017-10-12,222.41265869140625,47065100,-0.0014900203708959614,False,-0.0014900203708959614
2017-10-13,222.68345642089844,54800400,0.0012175463891554994,False,0.0012175463891554994
2017-10-16,222.98040771484375,38221700,0.0013335130445615295,False,0.0013335130445615295
2017-10-17,223.13760375976562,31561000,0.0007049769373590475,False,0.0007049769373590475
2017-10-18,223.3560028076172,40888300,0.0009787639742098175,False,0.0009787639742098175
2017-10-19,223.41712951660156,61903800,0.0002736739027202617,False,0.0002736739027202617
2017-10-20,224.57008361816406,89176400,0.005160544780326903,False,0.005160544780326903
2017-10-23,223.69659423828125,63915300,-0.003889607047428467,False,-0.003889607047428467
2017-10-24,224.0896453857422,66935900,0.0017570725598186065,False,0.0017570725598186065
2017-10-25,222.98040771484375,103715300,-0.004949972895842758,False,-0.004949972895842758
2017-10-26,223.26856994628906,69798000,0.0012923208563409005,False,0.0012923208563409005
2017-10-27,225.0940704345703,85562500,0.008176253776876807,False,0.008176253776876807
2017-10-30,224.2555389404297,54285700,-0.003725249148152754,False,-0.003725249148152754
2017-10-31,224.60498046875,60304800,0.001558229196796601,False,0.001558229196796601
2017-11-01,224.90191650390625,54202700,0.001322036735501353,False,0.001322036735501353
2017-11-02,224.98928833007812,56449500,0.0003884885799554372,False,0.0003884885799554372
2017-11-03,225.7404327392578,59589700,0.003338578537471104,False,0.003338578537471104
2017-11-06,226.08981323242188,49652600,0.0015477089723117121,False,0.0015477089723117121
2017-11-07,225.93263244628906,57502200,-0.0006952139235536503,False,-0.0006952139235536503
2017-11-08,226.3169403076172,50469600,0.0017009843030066918,False,0.0017009843030066918
2017-11-09,225.49591064453125,95085500,-0.0036277870404661794,False,-0.0036277870404661794
2017-11-10,225.426025390625,59984700,-0.00030991805441837883,False,-0.00030991805441837883
2017-11-13,225.63563537597656,50228600,0.0009298393341601319,False,0.0009298393341601319
2017-11-14,225.11154174804688,61315200,-0.002322743156489393,False,-0.002322743156489393
2017-11-15,223.98483276367188,80811500,-0.005005114245257403,False,-0.005005114245257403
2017-11-16,225.8889923095703,67777000,0.008501287888129205,False,0.008501287888129205
2017-11-17,225.22509765625,75756800,-0.0029390305677687856,False,-0.0029390305677687856
2017-11-20,225.6094207763672,48075500,0.001706395619833545,False,0.001706395619833545
2017-11-21,227.08555603027344,69176800,0.006542879498677712,False,0.006542879498677712
2017-11-22,226.88467407226562,45033400,-0.000884609138156911,False,-0.000884609138156911
2017-11-24,227.40870666503906,27856500,0.002309687046585296,False,0.002309687046585296
2017-11-27,227.29519653320312,52274900,-0.0004991459364092066,False,-0.0004991459364092066
2017-11-28,229.60108947753906,98971700,0.01014492597954697,False,0.01014492597954697
2017-11-29,229.4613494873047,77512100,-0.0006086207628733797,False,-0.0006086207628733797
2017-11-30,231.4702606201172,127894400,0.008754899843921748,False,0.008754899843921748
2017-12-01,230.98983764648438,164390900,-0.002075527855482373,False,-0.002075527855482373
2017-12-04,230.7103271484375,94040600,-0.0012100553898594102,False,-0.0012100553898594102
2017-12-05,229.88063049316406,77994500,-0.003596270117287026,False,-0.003596270117287026
2017-12-06,229.92416381835938,75898600,0.0001893736114344513,False,0.0001893736114344513
2017-12-07,230.6492156982422,77218600,0.0031534392377114973,False,0.0031534392377114973
2017-12-08,231.906982421875,76563900,0.0054531584676114075,False,0.0054531584676114075
2017-12-11,232.60572814941406,83077500,0.00301304307546868,False,0.00301304307546868
2017-12-12,233.01626586914062,85195800,0.0017649510310548955,False,0.0017649510310548955
2017-12-13,232.99002075195312,102905400,-0.0001126321250132234,False,-0.0001126321250132234
2017-12-14,232.03797912597656,100666700,-0.0040861905711838675,False,-0.0040861905711838675
2017-12-15,233.97018432617188,144610300,0.008327107516939325,False,0.008327107516939325
2017-12-18,235.4539031982422,83653600,0.00634148695631187,False,0.00634148695631187
2017-12-19,234.5496368408203,82382900,-0.0038405239630303623,False,-0.0038405239630303623
2017-12-20,234.42672729492188,76751500,-0.0005240236035063406,False,-0.0005240236035063406
2017-12-21,234.90960693359375,67032300,0.0020598318470077537,False,0.0020598318470077537
2017-12-22,234.84817504882812,78720900,-0.00026151286687470243,False,-0.00026151286687470243
2017-12-26,234.56716918945312,45244400,-0.001196542657044608,False,-0.001196542657044608
2017-12-27,234.681396484375,57751000,0.0004869705138899061,False,0.0004869705138899061
2017-12-28,235.16416931152344,45116100,0.0020571414452981163,False,0.0020571414452981163
2017-12-29,234.27748107910156,96007400,-0.00377050736520701,False,-0.00377050736520701
2018-01-02,235.95428466796875,86655700,0.007157340010417013,False,0.007157340010417013
2018-01-03,237.44668579101562,90070400,0.006324958773886946,False,0.006324958773886946
2018-01-04,238.44752502441406,80636400,0.004215006118380993,False,0.004215006118380993
2018-01-05,240.0365447998047,83524000,0.006664022934303571,False,0.006664022934303571
2018-01-08,240.4755401611328,57319200,0.001828868857007837,False,0.001828868857007837
2018-01-09,241.01980590820312,57254000,0.00226328942521814,False,0.00226328942521814
2018-01-10,240.65110778808594,69574300,-0.001529742000778156,False,-0.001529742000778156
2018-01-11,242.40687561035156,62361500,0.00729590583813855,False,0.00729590583813855
2018-01-12,243.9871826171875,90816100,0.006519233428742055,False,0.006519233428742055
2018-01-16,243.15313720703125,106555100,-0.00341839846343428,False,-0.00341839846343428
2018-01-17,245.47084045410156,113258800,0.009531866517094922,False,0.009531866517094922
2018-01-18,245.05816650390625,100728000,-0.0016811526347972894,False,-0.0016811526347972894
2018-01-19,246.17311096191406,140920100,0.0045497135390917265,False,0.0045497135390917265
2018-01-22,248.1746826171875,91322400,0.008130748510478458,False,0.008130748510478458
2018-01-23,248.70143127441406,97084700,0.002122491511509672,False,0.002122491511509672
2018-01-24,248.6048583984375,134816100,-0.0003883084849238827,False,-0.0003883084849238827
2018-01-25,248.710205078125,84587300,0.0004237514920912844,False,0.0004237514920912844
2018-01-26,251.58969116210938,107743100,0.011577675644953489,False,0.011577675644953489
2018-01-29,249.92172241210938,90118300,-0.006629718182392663,False,-0.006629718182392663
2018-01-30,247.3582763671875,131796400,-0.010256995751233178,False,-0.010256995751233178
2018-01-31,247.4812774658203,108364800,0.0004972588766354313,False,0.0004972588766354313
2018-02-01,247.20021057128906,90102500,-0.0011357097288705598,False,-0.0011357097288705598
2018-02-02,241.81869506835938,173174800,-0.02176986617645993,True,-0.016530752453280957
2018-02-05,231.7052764892578,294681800,-0.04182231889160848,True,-0.016530752453280957
2018-02-06,236.27037048339844,355026800,0.019702158117889335,False,0.015596387768707738
2018-02-07,234.98866271972656,167376100,-0.0054247503021626065,False,-0.0054247503021626065
2018-02-08,226.17445373535156,246449500,-0.037509081852547976,True,-0.016530752453280957
2018-02-09,229.57192993164062,283565300,0.015021485142015623,False,0.015021485142015623
2018-02-12,232.94308471679688,143736000,0.014684525177621088,False,0.014684525177621088
2018-02-13,233.5225067138672,81223600,0.0024873972875165684,False,0.0024873972875165684
2018-02-14,236.6741485595703,120735700,0.013496094616544996,False,0.013496094616544996
2018-02-15,239.69418334960938,111200300,0.012760306980797775,False,0.012760306980797775
2018-02-16,239.76438903808594,160420100,0.0002928969218003452,False,0.0002928969218003452
2018-02-20,238.26324462890625,86369700,-0.00626091478889812,False,-0.00626091478889812
2018-02-21,237.0780487060547,98883700,-0.004974312864317376,False,-0.004974312864317376
2018-02-22,237.38528442382812,110511300,0.0012959264657790293,False,0.0012959264657790293
2018-02-23,241.16908264160156,92766400,0.015939480945321938,False,0.015596387768707738
2018-02-26,243.9695281982422,86491400,0.011611959236094593,False,0.011611959236094593
2018-02-27,240.92327880859375,99099200,-0.012486187976611385,False,-0.012486187976611385
2018-02-28,238.48268127441406,121907800,-0.010130185618628662,False,-0.010130185618628662
2018-03-01,235.014892578125,176855100,-0.014541050435015856,False,-0.014541050435015856
2018-03-02,236.22637939453125,139083200,0.005154936366441154,False,0.005154936366441154
2018-03-05,238.9567413330078,97307400,0.011558243179591976,False,0.011558243179591976
2018-03-06,239.56251525878906,79213200,0.0025350777818695658,False,0.0025350777818695658
2018-03-07,239.4746551513672,87063500,-0.00036675231651728257,False,-0.00036675231651728257
2018-03-08,240.63352966308594,66901200,0.004839236582202089,False,0.004839236582202089
2018-03-09,244.8211669921875,113625300,0.017402551236167074,False,0.015596387768707738
2018-03-12,244.513916015625,71924800,-0.0012550016828091204,False,-0.0012550016828091204
2018-03-13,242.93356323242188,91968900,-0.006463242701908789,False,-0.006463242701908789
2018-03-14,241.68701171875,105895100,-0.00513124451428415,False,-0.00513124451428415
2018-03-15,241.42364501953125,83433000,-0.0010897015000758126,False,-0.0010897015000758126
2018-03-16,241.6853790283203,100343700,0.0010841274837345427,False,0.0010841274837345427
2018-03-19,238.4153594970703,109208400,-0.013530067662334,False,-0.013530067662334
2018-03-20,238.82083129882812,59757300,0.001700694966184857,False,0.001700694966184857
2018-03-21,238.3625030517578,78709600,-0.0019191301050988097,False,-0.0019191301050988097
2018-03-22,232.4040985107422,148785900,-0.02499723935069531,True,-0.016530752453280957
2018-03-23,227.4504852294922,183534800,-0.021314655434189866,True,-0.016530752453280957
2018-03-26,233.6732940673828,141956100,0.027358960485891926,True,0.015596387768707738
2018-03-27,229.6980743408203,129941400,-0.017011870108769034,False,-0.016530752453280957
2018-03-28,229.01939392089844,146452300,-0.0029546630805222796,False,-0.0029546630805222796
2018-03-29,231.94570922851562,111601600,0.012777587336677332,False,0.012777587336677332
2018-04-02,226.93922424316406,186286300,-0.02158472774514275,True,-0.016530752453280957
2018-04-03,229.8479461669922,119956900,0.012817184572339269,False,0.012817184572339269
2018-04-04,232.3070831298828,123715300,0.010698972968433473,False,0.010698972968433473
2018-04-05,234.14048767089844,82652600,0.007892159448235958,False,0.007892159448235958
2018-04-06,228.92245483398438,179521200,-0.022285905734715894,True,-0.016530752453280957
2018-04-09,230.05067443847656,105442900,0.0049283920413589755,False,0.0049283920413589755
2018-04-10,233.70858764648438,103529000,0.01590046722069527,False,0.015596387768707738
2018-04-11,232.48341369628906,91140200,-0.00524231463864111,False,-0.00524231463864111
2018-04-12,234.39605712890625,68890500,0.008227010272293223,False,0.008227010272293223
2018-04-13,233.70858764648438,85079200,-0.0029329396187061096,False,-0.0029329396187061096
2018-04-16,235.6300811767578,63405300,0.00822174978516399,False,0.00822174978516399
2018-04-17,238.1509552001953,64682000,0.010698438887123629,False,0.010698438887123629
2018-04-18,238.32728576660156,57303900,0.0007404151130026015,False,0.0007404151130026015
2018-04-19,237.0050506591797,77655900,-0.005547980388266427,False,-0.005547980388266427
2018-04-20,234.9954376220703,99953100,-0.008479199204911692,False,-0.008479199204911692
2018-04-23,234.96017456054688,65558000,-0.00015005849424254425,False,-0.00015005849424254425
2018-04-24,231.7958984375,112885500,-0.013467287079459767,False,-0.013467287079459767
2018-04-25,232.36878967285156,103840900,0.002471533099650758,False,0.002471533099650758
2018-04-26,234.73094177246094,67731900,0.010165530848333937,False,0.010165530848333937
2018-04-27,234.95140075683594,57053600,0.0009391986531912533,False,0.0009391986531912533
2018-04-30,233.1444549560547,82182300,-0.007690721549054924,False,-0.007690721549054924
2018-05-01,233.55873107910156,74203400,0.0017769074676254881,False,0.0017769074676254881
2018-05-02,231.98977661132812,86368900,-0.006717601438081422,False,-0.006717601438081422
2018-05-03,231.4786376953125,136311500,-0.0022032820733819403,False,-0.0022032820733819403
2018-05-04,234.4754180908203,91222100,0.012946250355302169,False,0.012946250355302169
2018-05-07,235.26864624023438,55304900,0.0033829906600564286,False,0.0033829906600564286
2018-05-08,235.26864624023438,67499200,0.0,False,0.0
2018-05-09,237.54266357421875,59666100,0.009665620006426012,False,0.009665620006426012
2018-05-10,239.7638702392578,72063900,0.00935076938019197,False,0.00935076938019197
2018-05-11,240.49542236328125,59871500,0.003051135783274761,False,0.003051135783274761
2018-05-14,240.610107421875,54790600,0.0004768700271580162,False,0.0004768700271580162
2018-05-15,238.9530792236328,87036100,-0.006886777184870407,False,-0.006886777184870407
2018-05-16,239.9578399658203,53942600,0.004204845342240526,False,0.004204845342240526
2018-05-17,239.7550506591797,56536400,-0.0008451039010415329,False,-0.0008451039010415329
2018-05-18,239.15574645996094,64368000,-0.002499652030566346,False,-0.002499652030566346
2018-05-21,240.95384216308594,58025900,0.007518513478103062,False,0.007518513478103062
2018-05-22,240.28396606445312,52966400,-0.002780101336501639,False,-0.002780101336501639
2018-05-23,240.9450225830078,64694200,0.0027511470256711412,False,0.0027511470256711412
2018-05-24,240.451416015625,76043800,-0.002048627367733924,False,-0.002048627367733924
2018-05-25,239.8784637451172,56374800,-0.0023828192821728766,False,-0.0023828192821728766
2018-05-29,237.1197052001953,115908600,-0.01150065121249566,False,-0.01150065121249566
2018-05-30,240.28396606445312,69678400,0.013344571517522219,False,0.013344571517522219
2018-05-31,238.81201171875,93519900,-0.0061258949975392385,False,-0.0061258949975392385
2018-06-01,241.15655517578125,71258400,0.00981752735198449,False,0.00981752735198449
2018-06-04,242.3024444580078,45385200,0.004751640615330954,False,0.004751640615330954
2018-06-05,242.4787139892578,51135000,0.0007274773130923062,False,0.0007274773130923062
2018-06-06,244.50595092773438,62732200,0.008360473812832891,False,0.008360473812832891
2018-06-07,244.47952270507812,72969400,-0.00010808825943076084,False,-0.00010808825943076084
2018-06-08,245.2023162841797,72139700,0.0029564585659531684,False,0.0029564585659531684
2018-06-11,245.5283966064453,58892500,0.0013298419330090017,False,0.0013298419330090017
2018-06-12,245.84567260742188,72329000,0.0012922171339926347,False,0.0012922171339926347
2018-06-13,245.06126403808594,79070600,-0.00319065436872068,False,-0.00319065436872068
2018-06-14,245.67823791503906,77097600,0.0025176311702090892,False,0.0025176311702090892
2018-06-15,245.36485290527344,120041600,-0.0012755912466044794,False,-0.0012755912466044794
2018-06-18,244.8601837158203,52917600,-0.002056811248544843,False,-0.002056811248544843
2018-06-19,243.921630859375,97531500,-0.0038330154057818477,False,-0.0038330154057818477
2018-06-20,244.33775329589844,53785500,0.001705967753074411,False,0.001705967753074411
2018-06-21,242.80609130859375,71061400,-0.00626862597631328,False,-0.00626862597631328
2018-06-22,243.248779296875,54898500,0.0018232161553088932,False,0.0018232161553088932
2018-06-25,239.93746948242188,137854200,-0.013612852751099802,False,-0.013612852751099802
2018-06-26,240.46868896484375,68547400,0.002213991351862621,False,0.002213991351862621
2018-06-27,238.4766387939453,105110700,-0.008284031403313685,False,-0.008284031403313685
2018-06-28,239.840087890625,76650500,0.00571732771635447,False,0.00571732771635447
2018-06-29,240.18533325195312,97592500,0.0014394814660239064,False,0.0014394814660239064
2018-07-02,240.6987762451172,63554800,0.0021376950299687447,False,0.0021376950299687447
2018-07-03,239.84893798828125,42187100,-0.0035307128274324473,False,-0.0035307128274324473
2018-07-05,241.80560302734375,56925900,0.00815790578634168,False,0.00815790578634168
2018-07-06,243.850830078125,66493700,0.008458145821170104,False,0.008458145821170104
2018-07-09,246.0465087890625,50550400,0.009004187971121791,False,0.009004187971121791
2018-07-10,246.9319305419922,51966800,0.0035985950676047374,False,0.0035985950676047374
2018-07-11,245.1257781982422,77054700,-0.007314373397501406,False,-0.007314373397501406
2018-07-12,247.34800720214844,60124700,0.009065668328481769,False,0.009065668328481769
2018-07-13,247.5429229736328,48216000,0.0007880224049068296,False,0.0007880224049068296
2018-07-16,247.32150268554688,48201000,-0.0008944723017167977,False,-0.0008944723017167977
2018-07-17,248.32203674316406,52315500,0.00404547945388023,False,0.00404547945388023
2018-07-18,248.8443145751953,44593500,0.002103227884569181,False,0.002103227884569181
2018-07-19,247.90586853027344,61412100,-0.0037712175442863316,False,-0.0037712175442863316
2018-07-20,247.62254333496094,82337700,-0.0011428740956889172,False,-0.0011428740956889172
2018-07-23,248.08299255371094,47047600,0.0018594802094700214,False,0.0018594802094700214
2018-07-24,249.3313751220703,68026900,0.005032116694130506,False,0.005032116694130506
2018-07-25,251.45632934570312,78882900,0.008522610612452741,False,0.008522610612452741
2018-07-26,250.863037109375,57919500,-0.0023594245484768184,False,-0.0023594245484768184
2018-07-27,249.1630859375,76768700,-0.0067764115090970245,False,-0.0067764115090970245
2018-07-30,247.8616180419922,63742500,-0.005223357587705757,False,-0.005223357587705757
2018-07-31,249.0834503173828,68570500,0.00492949366280504,False,0.00492949366280504
2018-08-01,248.66722106933594,53853300,-0.0016710433692664894,False,-0.0016710433692664894
2018-08-02,250.02194213867188,63426400,0.005447927810952713,False,0.005447927810952713
2018-08-03,251.09324645996094,53935400,0.0042848412108360545,False,0.0042848412108360545
2018-08-06,252.01402282714844,39400900,0.003667069426076086,False,0.003667069426076086
2018-08-07,252.84625244140625,43196600,0.003302314708212073,False,0.003302314708212073
2018-08-08,252.74002075195312,42114600,-0.00042014342086305057,False,-0.00042014342086305057
2018-08-09,252.39474487304688,35717000,-0.001366130610731875,False,-0.001366130610731875
2018-08-10,250.7037353515625,77076000,-0.006699860261888402,False,-0.006699860261888402
2018-08-13,249.7652130126953,65732900,-0.0037435514774085688,False,-0.0037435514774085688
2018-08-14,251.35882568359375,43842000,0.006380442863423985,False,0.006380442863423985
2018-08-15,249.48184204101562,102925400,-0.007467347277237968,False,-0.007467347277237968
2018-08-16,251.50051879882812,69967900,0.00809147768550078,False,0.00809147768550078
2018-08-17,252.38584899902344,65618500,0.003520192341644801,False,0.003520192341644801
2018-08-20,252.9259796142578,39807500,0.0021400986520305754,False,0.0021400986520305754
2018-08-21,253.51914978027344,67272000,0.002345232256964147,False,0.002345232256964147
2018-08-22,253.3687286376953,44993300,-0.00059333246702864,False,-0.00059333246702864
2018-08-23,253.0322265625,49204900,-0.0013281121036704535,False,-0.0013281121036704535
2018-08-24,254.55506896972656,57487400,0.006018373342853378,False,0.006018373342853378
2018-08-27,256.5649108886719,57072400,0.00789550931780636,False,0.00789550931780636
2018-08-28,256.68878173828125,46943500,0.00048280510838494273,False,0.00048280510838494273
2018-08-29,258.0700378417969,61485500,0.005381053640762357,False,0.005381053640762357
2018-08-30,257.02532958984375,61229500,-0.004048157859354307,False,-0.004048157859354307
2018-08-31,257.0340881347656,66140800,3.4076582785980136e-05,False,3.4076582785980136e-05
2018-09-04,256.5914306640625,57594400,-0.0017221741828695736,False,-0.0017221741828695736
2018-09-05,255.90081787109375,72452400,-0.0026914881419907166,False,-0.0026914881419907166
2018-09-06,255.1305694580078,65909900,-0.0030099490087364122,False,-0.0030099490087364122
2018-09-07,254.63473510742188,73524800,-0.0019434533134906617,False,-0.0019434533134906617
2018-09-10,255.07745361328125,50210900,0.0017386414531097572,False,0.0017386414531097572
2018-09-11,255.91856384277344,50530500,0.0032974699158137,False,0.0032974699158137
2018-09-12,255.98046875,59810800,0.00024189299243104756,False,0.00024189299243104756
2018-09-13,257.4944763183594,51034200,0.005914543307747433,False,0.005914543307747433
2018-09-14,257.53875732421875,55079900,0.00017196876023328755,False,0.00017196876023328755
2018-09-17,256.1753234863281,68244000,-0.0052940918565285155,False,-0.0052940918565285155
2018-09-18,257.5652770996094,61930400,0.005425790409338216,False,0.005425790409338216
2018-09-19,257.83990478515625,49080600,0.0010662449870548762,False,0.0010662449870548762
2018-09-20,259.9292907714844,100360600,0.008103423665429599,False,0.008103423665429599
2018-09-21,259.69183349609375,105479700,-0.000913545659613213,False,-0.000913545659613213
2018-09-24,258.8290710449219,53409600,-0.003322254841659711,False,-0.003322254841659711
2018-09-25,258.58905029296875,44370000,-0.0009273330502795885,False,-0.0009273330502795885
2018-09-26,257.8152770996094,79739700,-0.002992289087580202,False,-0.002992289087580202
2018-09-27,258.53564453125,59249500,0.002794122364448981,False,0.002794122364448981
2018-09-28,258.56231689453125,70091400,0.0001031670635962545,False,0.0001031670635962545
2018-10-01,259.4605407714844,62078900,0.003473916414972189,False,0.003473916414972189
2018-10-02,259.309326171875,47258200,-0.0005828038404597224,False,-0.0005828038404597224
2018-10-03,259.4516906738281,64694600,0.000549014198813591,False,0.000549014198813591
2018-10-04,257.4239501953125,111545900,-0.007815483773681797,False,-0.007815483773681797
2018-10-05,255.9831085205078,105951700,-0.00559715470806621,False,-0.00559715470806621
2018-10-08,255.9831085205078,87742200,0.0,False,0.0
2018-10-09,255.60955810546875,74339000,-0.001459277595299402,False,-0.001459277595299402
2018-10-10,247.51608276367188,214731000,-0.031663429966329204,True,-0.016530752453280957
2018-10-11,242.06423950195312,274840500,-0.022026218259619812,True,-0.016530752453280957
2018-10-12,245.4261474609375,183186500,0.013888494913174787,False,0.013888494913174787
2018-10-15,244.047607421875,102263700,-0.00561692408622394,False,-0.00561692408622394
2018-10-16,249.38385009765625,118255800,0.021865580786279537,True,0.015596387768707738
2018-10-17,249.42831420898438,110626000,0.00017829587325213225,False,0.00017829587325213225
2018-10-18,245.82626342773438,134557500,-0.014441226500981785,False,-0.014441226500981785
2018-10-19,245.6929168701172,139901600,-0.0005424422751167945,False,-0.0005424422751167945
2018-10-22,244.59007263183594,82415800,-0.004488709940564828,False,-0.004488709940564828
2018-10-23,243.34495544433594,146352700,-0.005090628471148939,False,-0.005090628471148939
2018-10-24,235.9719696044922,177806700,-0.030298494687843625,True,-0.016530752453280957
2018-10-25,240.20535278320312,138061500,0.017940195124897418,False,0.015596387768707738
2018-10-26,235.98080444335938,201574600,-0.01758723646619398,False,-0.016530752453280957
2018-10-29,234.67335510253906,160749100,-0.005540490227179173,False,-0.005540490227179173
2018-10-30,238.15087890625,157116000,0.014818571124921576,False,0.014818571124921576
2018-10-31,240.69448852539062,128296300,0.01068066442090232,False,0.01068066442090232
2018-11-01,243.25596618652344,99495000,0.010642028726231434,False,0.010642028726231434
2018-11-02,241.81521606445312,122634100,-0.005922774041914214,False,-0.005922774041914214
2018-11-05,243.14932250976562,65622500,0.005517049204037283,False,0.005517049204037283
2018-11-06,244.68783569335938,60085900,0.006327441786443622,False,0.006327441786443622
2018-11-07,249.92640686035156,102752100,0.021409201451097593,True,0.015596387768707738
2018-11-08,249.47279357910156,65584900,-0.0018149874074869787,False,-0.0018149874074869787
2018-11-09,247.03590393066406,98812600,-0.009768157936086985,False,-0.009768157936086985
2018-11-12,242.41998291015625,99673600,-0.018685223269421458,True,-0.016530752453280957
2018-11-13,241.96640014648438,98176600,-0.0018710617756292347,False,-0.0018710617756292347
2018-11-14,240.3120880126953,125335900,-0.0068369498111620075,False,-0.0068369498111620075
2018-11-15,242.8202362060547,135101400,0.010437045485730545,False,0.010437045485730545
2018-11-16,243.4517364501953,126668000,0.002600690346107548,False,0.002600690346107548
2018-11-19,239.33380126953125,103061700,-0.016914790753634668,False,-0.016530752453280957
2018-11-20,234.90463256835938,136021300,-0.018506239727433482,True,-0.016530752453280957
2018-11-21,235.70510864257812,75563700,0.0034076640612261677,False,0.0034076640612261677
2018-11-23,234.13092041015625,42807900,-0.006678634338846523,False,-0.006678634338846523
2018-11-26,237.9107208251953,79981400,0.016143960859238637,False,0.015596387768707738
2018-11-27,238.7112274169922,75502400,0.003364735262960439,False,0.003364735262960439
2018-11-28,244.2075958251953,127629600,0.023025177607594483,True,0.015596387768707738
2018-11-29,243.6739959716797,82346400,-0.002185025620159542,False,-0.002185025620159542
2018-11-30,245.15927124023438,98204200,0.006095337594936856,False,0.006095337594936856
2018-12-03,248.40548706054688,103176300,0.013241252528979341,False,0.013241252528979341
2018-12-04,240.3565673828125,177986000,-0.0324023425286597,True,-0.016530752453280957
2018-12-06,239.991943359375,204185400,-0.001517012942096052,False,-0.001517012942096052
2018-12-07,234.4154510498047,161018900,-0.023236164645826562,True,-0.016530752453280957
2018-12-10,234.8601531982422,151445900,0.0018970684161216944,False,0.0018970684161216944
2018-12-11,234.91358947753906,121504400,0.00022752382032109608,False,0.00022752382032109608
2018-12-12,236.09642028808594,97976700,0.005035174053478864,False,0.005035174053478864
2018-12-13,236.016357421875,96662700,-0.00033911088576965565,False,-0.00033911088576965565
2018-12-14,231.65835571289062,116961100,-0.01846482911857894,True,-0.016530752453280957
2018-12-17,227.1136016845703,165492300,-0.019618347088472543,True,-0.016530752453280957
2018-12-18,226.86456298828125,134515100,-0.001096538007595571,False,-0.001096538007595571
2018-12-19,223.46710205078125,214992800,-0.014975723368816696,False,-0.014975723368816696
2018-12-20,219.82957458496094,252053400,-0.016277686659192048,False,-0.016277686659192048
2018-12-21,215.32534790039062,255345600,-0.020489630174076012,True,-0.016530752453280957
2018-12-24,209.6358184814453,147311600,-0.02642294311572313,True,-0.016530752453280957
2018-12-26,220.22764587402344,218485400,0.05052489345238298,True,0.015596387768707738
2018-12-27,221.91842651367188,186267300,0.007677422300629733,False,0.007677422300629733
2018-12-28,221.63214111328125,153100200,-0.0012900479013309152,False,-0.0012900479013309152
2018-12-31,223.57334899902344,144299400,0.008758693012625773,False,0.008758693012625773
2019-01-02,223.8059539794922,126925200,0.0010403967266678915,False,0.0010403967266678915
2019-01-03,218.46531677246094,144140700,-0.023862802182289644,True,-0.016530752453280957
2019-01-04,225.78298950195312,142628800,0.03349580994183077,True,0.015596387768707738
2019-01-07,227.56321716308594,103139100,0.007884684603830294,False,0.007884684603830294
2019-01-08,229.70123291015625,102512600,0.009395260682828477,False,0.009395260682828477
2019-01-09,230.77471923828125,95006600,0.004673402552196393,False,0.004673402552196393
2019-01-10,231.58877563476562,96823900,0.003527493822422789,False,0.003527493822422789
2019-01-11,231.67823791503906,73858100,0.0003862979975097769,False,0.0003862979975097769
2019-01-14,230.2648162841797,70908200,-0.006100795843318241,False,-0.006100795843318241
2019-01-15,232.90383911132812,85208300,0.011460816592542278,False,0.011460816592542278
2019-01-16,233.46743774414062,77636700,0.0024198769542098653,False,0.0024198769542098653
2019-01-17,235.2386474609375,96118400,0.0075865385507762895,False,0.0075865385507762895
2019-01-18,238.36965942382812,127900300,0.013309938637572571,False,0.013309938637572571
2019-01-22,235.14918518066406,115531200,-0.013510420122042288,False,-0.013510420122042288
2019-01-23,235.64122009277344,86030300,0.0020924372403474667,False,0.0020924372403474667
2019-01-24,235.7665252685547,59204100,0.0005317625487251121,False,0.0005317625487251121
2019-01-25,237.7613983154297,96883400,0.008461222578577177,False,0.008461222578577177
2019-01-28,235.95436096191406,85613700,-0.007600213349680418,False,-0.007600213349680418
2019-01-29,235.64122009277344,66136300,-0.0013271247365975736,False,-0.0013271247365975736
2019-01-30,239.37159729003906,92473700,0.01583074979749699,False,0.015596387768707738
2019-01-31,241.47386169433594,104012100,0.008782430447458855,False,0.008782430447458855
2019-02-01,241.5901641845703,85782500,0.0004816359394690384,False,0.0004816359394690384
2019-02-04,243.2898712158203,60744800,0.007035497645307531,False,0.007035497645307531
2019-02-05,244.3096923828125,79552800,0.00419179459422514,False,0.00419179459422514
2019-02-06,243.98768615722656,58347800,-0.0013180247678482582,False,-0.0013180247678482582
2019-02-07,241.6617431640625,95482000,-0.009533034350205805,False,-0.009533034350205805
2019-02-08,241.9569854736328,75788900,0.0012217172056474546,False,0.0012217172056474546
2019-02-11,242.09115600585938,68021400,0.0005545222509857339,False,0.0005545222509857339
2019-02-12,245.20433044433594,72270200,0.012859513291766822,False,0.012859513291766822
2019-02-13,246.00047302246094,65277200,0.0032468536615251065,False,0.0032468536615251065
2019-02-14,245.45486450195312,83234400,-0.002217916550339316,False,-0.002217916550339316
2019-02-15,248.1295623779297,97088700,0.010896903108454259,False,0.010896903108454259
2019-02-19,248.5589599609375,59120800,0.0017305377839411662,False,0.0017305377839411662
2019-02-20,249.0599822998047,76610800,0.002015708220479917,False,0.002015708220479917
2019-02-21,248.17428588867188,64214700,-0.0035561570468058967,False,-0.0035561570468058967
2019-02-22,249.71298217773438,78114600,0.006200063328691385,False,0.006200063328691385
2019-02-25,250.05296325683594,69030700,0.0013614874010017264,False,0.0013614874010017264
2019-02-26,249.8740234375,56844100,-0.0007156076736917205,False,-0.0007156076736917205
2019-02-27,249.76663208007812,56921600,-0.0004297819995231489,False,-0.0004297819995231489
2019-02-28,249.3015594482422,69268300,-0.0018620286783818107,False,-0.0018620286783818107
2019-03-01,250.8580780029297,78880500,0.006243517120921416,False,0.006243517120921416
2019-03-04,249.9455108642578,106494600,-0.00363778254994529,False,-0.00363778254994529
2019-03-05,249.605712890625,59114600,-0.0013594882038803213,False,-0.0013594882038803213
2019-03-06,248.09385681152344,75039800,-0.006056977068325531,False,-0.006056977068325531
2019-03-07,246.01837158203125,94885100,-0.008365726004529561,False,-0.008365726004529561
2019-03-08,245.5263671875,85795800,-0.001999868511312397,False,-0.001999868511312397
2019-03-11,249.08677673339844,65098900,0.014501129091277987,False,0.014501129091277987
2019-03-12,250.0260009765625,79667500,0.003770670829986722,False,0.003770670829986722
2019-03-13,251.68109130859375,80639200,0.006619672856289949,False,0.006619672856289949
2019-03-14,251.5201416015625,67518400,-0.0006394986059318208,False,-0.0006394986059318208
2019-03-15,252.7627716064453,81309000,0.00494047910823503,False,0.00494047910823503
2019-03-18,253.67919921875,62199800,0.0036256431533816524,False,0.0036256431533816524
2019-03-19,253.7420654296875,90268100,0.000247817760112401,False,0.000247817760112401
2019-03-20,252.9783477783203,84609200,-0.0030098188492078126,False,-0.0030098188492078126
2019-03-21,255.83567810058594,79550400,0.01129476236744753,False,0.01129476236744753
2019-03-22,250.91175842285156,122659300,-0.0192464151766919,True,-0.016530752453280957
2019-03-25,250.72311401367188,85575200,-0.0007518356667118864,False,-0.0007518356667118864
2019-03-26,252.59190368652344,68125900,0.007453599482454054,False,0.007453599482454054
2019-03-27,251.2711639404297,72224700,-0.005228749325761561,False,-0.005228749325761561
2019-03-28,252.22360229492188,56238500,0.0037904801313293213,False,0.0037904801313293213
2019-03-29,253.81399536132812,82186800,0.0063054886693221235,False,0.0063054886693221235
2019-04-01,256.823974609375,77617900,0.0118589963637028,False,0.0118589963637028
2019-04-02,256.9497375488281,40070400,0.0004896853560669712,False,0.0004896853560669712
2019-04-03,257.354248046875,68243200,0.0015742786970933675,False,0.0015742786970933675
2019-04-04,258.03692626953125,48997500,0.002652679051685647,False,0.002652679051685647
2019-04-05,259.2860107421875,58621700,0.004840719856318287,False,0.004840719856318287
2019-04-08,259.4836730957031,53566300,0.0007623332741701905,False,0.0007623332741701905
2019-04-09,258.15380859375,66142300,-0.005125041148398735,False,-0.005125041148398735
2019-04-10,259.0342712402344,52601500,0.0034106126548376636,False,0.0034106126548376636
2019-04-11,258.9625549316406,55093100,-0.0002768603098360911,False,-0.0002768603098360911
2019-04-12,260.71466064453125,69727800,0.006765865101049595,False,0.006765865101049595
2019-04-15,260.5439147949219,49596700,-0.0006549146457175414,False,-0.0006549146457175414
2019-04-16,260.71466064453125,52153200,0.0006553438399963252,False,0.0006553438399963252
2019-04-17,260.0766906738281,58268300,-0.002447004587797119,False,-0.002447004587797119
2019-04-18,260.5887756347656,68708500,0.001968976764548769,False,0.001968976764548769
2019-04-22,260.8135070800781,40160100,0.0008623987919857967,False,0.0008623987919857967
2019-04-23,263.1585693359375,52246600,0.008991337458375437,False,0.008991337458375437
2019-04-24,262.57452392578125,50392900,-0.0022193668692988,False,-0.0022193668692988
2019-04-25,262.412841796875,57770900,-0.0006157571057882061,False,-0.0006157571057882061
2019-04-26,263.6348571777344,50916400,0.004656842906359371,False,0.004656842906359371
2019-04-29,264.04815673828125,57197700,0.0015676969463420676,False,0.0015676969463420676
2019-04-30,264.1828918457031,81111700,0.000510267176587087,False,0.000510267176587087
2019-05-01,262.19708251953125,71671900,-0.007516797595401026,False,-0.007516797595401026
2019-05-02,261.631103515625,65030200,-0.0021586014553158783,False,-0.0021586014553158783
2019-05-03,264.19183349609375,56543700,0.009787559453212413,False,0.009787559453212413
2019-05-06,263.1046142578125,107198100,-0.004115264366403415,False,-0.004115264366403415
2019-05-07,258.7109680175781,144729900,-0.016699236737555245,False,-0.016530752453280957
2019-05-08,258.3515319824219,91568300,-0.001389334352194238,False,-0.001389334352194238
2019-05-09,257.5697021484375,103471100,-0.003026224880437578,False,-0.003026224880437578
2019-05-10,258.8636779785156,112429300,0.005023788975507815,False,0.005023788975507815
2019-05-13,252.35829162597656,127290500,-0.02513054903391654,True,-0.016530752453280957
2019-05-14,254.64051818847656,77003200,0.009043596498436113,False,0.009043596498436113
2019-05-15,256.1322021484375,73956400,0.005857999231908773,False,0.005857999231908773
2019-05-16,258.5042724609375,76749600,0.009261117081737824,False,0.009261117081737824
2019-05-17,256.8329162597656,100353000,-0.006465487727768338,False,-0.006465487727768338
2019-05-20,255.134765625,62877600,-0.006611888614184047,False,-0.006611888614184047
2019-05-21,257.4350280761719,46847100,0.009015872241232792,False,0.009015872241232792
2019-05-22,256.644287109375,49482500,-0.0030716137299034996,False,-0.0030716137299034996
2019-05-23,253.50848388671875,98733800,-0.012218480520160058,False,-0.012218480520160058
2019-05-24,254.08348083496094,55268100,0.0022681566290267963,False,0.0022681566290267963
2019-05-28,251.72047424316406,70029400,-0.009300118937412338,False,-0.009300118937412338
2019-05-29,250.03123474121094,104972900,-0.00671077514466023,False,-0.00671077514466023
2019-05-30,250.71408081054688,62523800,0.0027310430636504623,False,0.0027310430636504623
2019-05-31,247.33555603027344,86862800,-0.013475608427539587,False,-0.013475608427539587
2019-06-03,246.70664978027344,96428000,-0.00254272479094364,False,-0.00254272479094364
2019-06-04,252.0618133544922,77231900,0.02170660409432923,True,0.015596387768707738
2019-06-05,254.24526977539062,71169700,0.008662384800936396,False,0.008662384800936396
2019-06-06,255.89852905273438,69430400,0.006502615678176893,False,0.006502615678176893
2019-06-07,258.4593811035156,74272200,0.010007294923737309,False,0.010007294923737309
2019-06-10,259.645263671875,60799100,0.004588274425544769,False,0.004588274425544769
2019-06-11,259.5823974609375,58641300,-0.0002421234651017734,False,-0.0002421234651017734
2019-06-12,259.1242370605469,47096300,-0.0017649902492312686,False,-0.0017649902492312686
2019-06-13,260.19354248046875,48945200,0.0041266129021810816,False,0.0041266129021810816
2019-06-14,259.9058837890625,52324700,-0.0011055566124507088,False,-0.0011055566124507088
2019-06-17,260.00482177734375,39205700,0.0003806685206155791,False,0.0003806685206155791
2019-06-18,262.72723388671875,85434800,0.010470621624495635,False,0.010470621624495635
2019-06-19,263.32025146484375,78674400,0.0022571606656534016,False,0.0022571606656534016
2019-06-20,265.83612060546875,116570000,0.00955440808912078,False,0.00955440808912078
2019-06-21,265.44976806640625,83309500,-0.0014533485448949834,False,-0.0014533485448949834
2019-06-24,265.12469482421875,47582700,-0.0012246130202162586,False,-0.0012246130202162586
2019-06-25,262.5244445800781,82028700,-0.00980765011672946,False,-0.00980765011672946
2019-06-26,262.26251220703125,51584900,-0.0009977446994159367,False,-0.0009977446994159367
2019-06-27,263.1924743652344,40355200,0.0035459210330031077,False,0.0035459210330031077
2019-06-28,264.546875,59350900,0.005146046208320154,False,0.005146046208320154
2019-07-01,266.948486328125,78705600,0.00907820713484142,False,0.00907820713484142
2019-07-02,267.6437072753906,61504500,0.0026043262384753962,False,0.0026043262384753962
2019-07-03,269.7835693359375,40898900,0.007995189135327152,False,0.007995189135327152
2019-07-05,269.4765625,51677300,-0.0011379745500927907,False,-0.0011379745500927907
2019-07-08,267.99591064453125,45841800,-0.005494547806801364,False,-0.005494547806801364
2019-07-09,268.3298645019531,41101300,0.0012461154971310506,False,0.0012461154971310506
2019-07-10,269.612060546875,58448500,0.004778432126076426,False,0.004778432126076426
2019-07-11,270.2440490722656,50826100,0.0023440662265208356,False,0.0023440662265208356
2019-07-12,271.4538879394531,40326000,0.004476838144413575,False,0.004476838144413575
2019-07-15,271.5442810058594,33900000,0.0003329960277689281,False,0.0003329960277689281
2019-07-16,270.6683654785156,36650100,-0.00322568210274643,False,-0.00322568210274643
2019-07-17,268.8265686035156,36036300,-0.006804625548847865,False,-0.006804625548847865
2019-07-18,269.8106384277344,51392600,0.003660612227916138,False,0.003660612227916138
2019-07-19,268.31182861328125,58678600,-0.005555043430411577,False,-0.005555043430411577
2019-07-22,268.970947265625,43638100,0.002456539675310898,False,0.002456539675310898
2019-07-23,270.8941650390625,44564500,0.007150280701276657,False,0.007150280701276657
2019-07-24,272.16717529296875,47213200,0.004699290048283844,False,0.004699290048283844
2019-07-25,270.8670959472656,55394100,-0.00477676760360124,False,-0.00477676760360124
2019-07-26,272.68194580078125,45084100,0.00670014882084069,False,0.00670014882084069
2019-07-29,272.185302734375,38126500,-0.0018213272791044455,False,-0.0018213272791044455
2019-07-30,271.51715087890625,45849000,-0.0024547683095174078,False,-0.0024547683095174078
2019-07-31,268.54656982421875,104245200,-0.010940675552434387,False,-0.010940675552434387
2019-08-01,266.2080993652344,142646600,-0.008707876851732133,False,-0.008707876851732133
2019-08-02,264.20367431640625,116749700,-0.007529541939586437,False,-0.007529541939586437
2019-08-05,256.2583312988281,178745400,-0.030072795308905942,True,-0.016530752453280957
2019-08-06,259.8518371582031,120711700,0.014022981579414617,False,0.014022981579414617
2019-08-07,260.0053405761719,140572300,0.0005907343955982025,False,0.0005907343955982025
2019-08-08,265.1065979003906,87713900,0.019619817473419454,False,0.015596387768707738
2019-08-09,263.30084228515625,93730000,-0.0068114321919398035,False,-0.0068114321919398035
2019-08-12,260.0956115722656,65527600,-0.012173264183558352,False,-0.012173264183558352
2019-08-13,264.1405334472656,94299800,0.015551672904239533,False,0.015551672904239533
2019-08-14,256.3305358886719,135622100,-0.029567584560636795,True,-0.016530752453280957
2019-08-15,257.0076904296875,99556600,0.0026417240484750693,False,0.0026417240484750693
2019-08-16,260.7999267578125,83018300,0.014755341841268699,False,0.014755341841268699
2019-08-19,263.9419250488281,53571800,0.012047542842806847,False,0.012047542842806847
2019-08-20,261.91943359375,51596400,-0.007662638115198961,False,-0.007662638115198961
2019-08-21,264.05029296875,49524700,0.008135552775763388,False,0.008135552775763388
2019-08-22,263.96893310546875,51666400,-0.0003081226018214478,False,-0.0003081226018214478
2019-08-23,257.1882019042969,149161500,-0.025687610740399602,True,-0.016530752453280957
2019-08-26,260.0323791503906,72423800,0.011058739184125255,False,0.011058739184125255
2019-08-27,259.0121154785156,66668900,-0.0039236024190854035,False,-0.0039236024190854035
2019-08-28,260.8359069824219,59696700,0.007041336659240338,False,0.007041336659240338
2019-08-29,264.1676025390625,57899400,0.012773147666609974,False,0.012773147666609974
2019-08-30,264.05029296875,62901200,-0.0004440725099708054,False,-0.0004440725099708054
2019-09-03,262.50634765625,69101400,-0.00584716379270489,False,-0.00584716379270489
2019-09-04,265.4858093261719,46887300,0.01135005570921832,False,0.01135005570921832
2019-09-05,268.89886474609375,83258100,0.012855886454287369,False,0.012855886454287369
2019-09-06,269.10638427734375,49584300,0.0007717382200402856,False,0.0007717382200402856
2019-09-09,269.2419128417969,51260300,0.000503624485970855,False,0.000503624485970855
2019-09-10,269.1786804199219,57947100,-0.00023485356053076778,False,-0.00023485356053076778
2019-09-11,271.0929260253906,68821100,0.007111430973963051,False,0.007111430973963051
2019-09-12,272.03179931640625,72908700,0.003463289525037938,False,0.003463289525037938
2019-09-13,271.8511962890625,62104800,-0.000663904101643964,False,-0.000663904101643964
2019-09-16,271.011474609375,58191200,-0.0030889019108623073,False,-0.0030889019108623073
2019-09-17,271.6977233886719,41475500,0.0025321761017167432,False,0.0025321761017167432
2019-09-18,271.8601989746094,73375800,0.0005980012784467803,False,0.0005980012784467803
2019-09-19,271.84210205078125,76560500,-6.656702193397201e-05,False,-6.656702193397201e-05
2019-09-20,270.5578308105469,89565000,-0.004724327948267826,False,-0.004724327948267826
2019-09-23,270.494140625,43476800,-0.00023540322361426114,False,-0.00023540322361426114
2019-09-24,268.3717956542969,94869400,-0.007846177243615249,False,-0.007846177243615249
2019-09-25,269.9591369628906,71854000,0.005914709870028512,False,0.005914709870028512
2019-09-26,269.3967590332031,56179700,-0.0020831965015682963,False,-0.0020831965015682963
2019-09-27,267.9454345703125,84746600,-0.005387312260544896,False,-0.005387312260544896
2019-09-30,269.1881103515625,51662400,0.004637794195832434,False,0.004637794195832434
2019-10-01,265.9862365722656,88242400,-0.01189455869768985,False,-0.01189455869768985
2019-10-02,261.2876281738281,122539500,-0.01766485536615703,False,-0.016530752453280957
2019-10-03,263.4283142089844,85278800,0.008192833507341124,False,0.008192833507341124
2019-10-04,266.9930725097656,65091200,0.013532175960224269,False,0.013532175960224269
2019-10-07,265.8410949707031,59610500,-0.004314634564237085,False,-0.004314634564237085
2019-10-08,261.7138671875,95708100,-0.015525168460722605,False,-0.015525168460722605
2019-10-09,264.19927978515625,62359400,0.009496679042519496,False,0.009496679042519496
2019-10-10,265.9862365722656,55296300,0.0067636701680735545,False,0.0067636701680735545
2019-10-11,268.74371337890625,98720400,0.010366990571301304,False,0.010366990571301304
2019-10-14,268.4443054199219,40394800,-0.0011141021876193147,False,-0.0011141021876193147
2019-10-15,271.10198974609375,46754500,0.00990031925622148,False,0.00990031925622148
2019-10-16,270.6666259765625,48928200,-0.0016059039992255553,False,-0.0016059039992255553
2019-10-17,271.4648132324219,45736600,0.0029489681373886523,False,0.0029489681373886523
2019-10-18,270.27667236328125,64304000,-0.004376776698950535,False,-0.004376776698950535
2019-10-21,272.10888671875,39048600,0.006779032535246143,False,0.006779032535246143
2019-10-22,271.2198791503906,48594700,-0.0032671022952596163,False,-0.0032671022952596163
2019-10-23,272.0091247558594,34352200,0.0029099843563866745,False,0.0029099843563866745
2019-10-24,272.45355224609375,35453100,0.0016338697851892015,False,0.0016338697851892015
2019-10-25,273.5692443847656,45205400,0.00409498106915529,False,0.00409498106915529
2019-10-28,275.1112060546875,42147000,0.005636458416184986,False,0.005636458416184986
2019-10-29,275.0295715332031,44284900,-0.0002967328109061418,False,-0.0002967328109061418
2019-10-30,275.8731689453125,49643900,0.00306729711793019,False,0.00306729711793019
2019-10-31,275.1383972167969,69053800,-0.0026634403458832834,False,-0.0026634403458832834
2019-11-01,277.68719482421875,71141500,0.009263692865861817,False,0.009263692865861817
2019-11-04,278.8028869628906,60606900,0.0040178018989249775,False,0.0040178018989249775
2019-11-05,278.4945373535156,42933200,-0.0011059771035155652,False,-0.0011059771035155652
2019-11-06,278.5580139160156,46487100,0.00022792749582523086,False,0.00022792749582523086
2019-11-07,279.5377197265625,54272300,0.0035170620179760803,False,0.0035170620179760803
2019-11-08,280.22705078125,49032100,0.0024659679393599365,False,0.0024659679393599365
2019-11-11,279.69189453125,35797300,-0.0019097237347645013,False,-0.0019097237347645013
2019-11-12,280.28143310546875,46484600,0.002107814297610533,False,0.002107814297610533
2019-11-13,280.3721618652344,53917700,0.000323705922152584,False,0.000323705922152584
2019-11-14,280.78033447265625,51219900,0.0014558243040478924,False,0.0014558243040478924
2019-11-15,282.81219482421875,62023600,0.007236476711870221,False,0.007236476711870221
2019-11-18,283.02081298828125,49228000,0.000737656182726365,False,0.000737656182726365
2019-11-19,282.9391784667969,67804700,-0.0002884399935907389,False,-0.0002884399935907389
2019-11-20,281.8869323730469,79406200,-0.0037189833498915137,False,-0.0037189833498915137
2019-11-21,281.4333801269531,54664700,-0.0016089864197519343,False,-0.0016089864197519343
2019-11-22,282.0592956542969,44850200,0.002224027324198019,False,0.002224027324198019
2019-11-25,284.2452697753906,48647200,0.007750051690453619,False,0.007750051690453619
2019-11-26,284.8892822265625,37569000,0.0022656927648463387,False,0.0022656927648463387
2019-11-27,286.15924072265625,44444600,0.0044577264759431134,False,0.0044577264759431134
2019-11-29,285.0979309082031,36592700,-0.003708808465429758,False,-0.003708808465429758
2019-12-02,282.6761169433594,75767800,-0.008494673942840869,False,-0.008494673942840869
2019-12-03,280.78033447265625,73941700,-0.006706553391219061,False,-0.006706553391219061
2019-12-04,282.51287841796875,49080000,0.006170460436862424,False,0.006170460436862424
2019-12-05,283.02081298828125,40709000,0.001797916516786291,False,0.001797916516786291
2019-12-06,285.60595703125,48927000,0.009134112843763864,False,0.009134112843763864
2019-12-09,284.70794677734375,34838500,-0.00314422802395542,False,-0.00314422802395542
2019-12-10,284.3904113769531,52649800,-0.0011153022034855464,False,-0.0011153022034855464
2019-12-11,285.1977844238281,53429100,0.0028389601567995193,False,0.0028389601567995193
2019-12-12,287.6558837890625,96389600,0.008618928685580007,False,0.008618928685580007
2019-12-13,287.82818603515625,81503900,0.000598987386679406,False,0.000598987386679406
2019-12-16,289.8056335449219,82749700,0.006870235806315739,False,0.006870235806315739
2019-12-17,289.8690490722656,61097700,0.000218820892361693,False,0.000218820892361693
2019-12-18,289.88720703125,48133000,6.26419379456955e-05,False,6.26419379456955e-05
2019-12-19,291.07550048828125,85310500,0.004099157976651169,False,0.004099157976651169
2019-12-20,292.3516540527344,147142100,0.004384269931039686,False,0.004384269931039686
2019-12-23,292.7983093261719,52990000,0.001527801424229036,False,0.001527801424229036
2019-12-24,292.80743408203125,20270000,3.11639636183525e-05,False,3.11639636183525e-05
2019-12-26,294.3660583496094,30911200,0.005323035162903222,False,0.005323035162903222
2019-12-27,294.2930603027344,42528800,-0.0002479839125620886,False,-0.0002479839125620886
2019-12-30,292.6706848144531,49729100,-0.005512788805187352,False,-0.005512788805187352
2019-12-31,293.3816223144531,57077300,0.0024291380616090485,False,0.0024291380616090485
2020-01-02,296.12530517578125,59151200,0.009351924771850095,False,0.009351924771850095
2020-01-03,293.8829650878906,77709700,-0.007572267714707981,False,-0.007572267714707981
2020-01-06,295.0041809082031,55653900,0.0038151779909296746,False,0.0038151779909296746
2020-01-07,294.17462158203125,40496400,-0.0028120256588159975,False,-0.0028120256588159975
2020-01-08,295.742431640625,68296000,0.005329521799543047,False,0.005329521799543047
2020-01-09,297.7477722167969,48473300,0.006780699560246628,False,0.006780699560246628
2020-01-10,296.8909912109375,53029300,-0.0028775396016583743,False,-0.0028775396016583743
2020-01-13,298.9328308105469,47086800,0.006877405041093576,False,0.006877405041093576
2020-01-14,298.4770202636719,62832800,-0.0015247925282716457,False,-0.0015247925282716457
2020-01-15,299.15155029296875,72056600,0.0022599060681489647,False,0.0022599060681489647
2020-01-16,301.6399841308594,54050300,0.008318305004448856,False,0.008318305004448856
2020-01-17,302.5788879394531,95846000,0.003112663632107937,False,0.003112663632107937
2020-01-21,301.986328125,77742400,-0.001958364704452542,False,-0.001958364704452542
2020-01-22,302.0228576660156,48914900,0.00012096422126939288,False,0.00012096422126939288
2020-01-23,302.3692321777344,51963000,0.0011468486670032085,False,0.0011468486670032085
2020-01-24,299.68017578125,87578400,-0.00889328711495263,False,-0.00889328711495263
2020-01-27,294.8765869140625,84062500,-0.01602905115316622,False,-0.01602905115316622
2020-01-28,297.96661376953125,63834000,0.010479051211920387,False,0.010479051211920387
2020-01-29,297.7203674316406,53888900,-0.0008264225806220438,False,-0.0008264225806220438
2020-01-30,298.6866455078125,75491800,0.003245589425096229,False,0.003245589425096229
2020-01-31,293.2630920410156,113845600,-0.01815800454545269,True,-0.016530752453280957
2020-02-03,295.4416198730469,69083000,0.007428578266939212,False,0.007428578266939212
2020-02-04,299.944580078125,62573200,0.015241455171458584,False,0.015241455171458584
2020-02-05,303.40826416015625,65951100,0.011547746857533125,False,0.011547746857533125
2020-02-06,304.42926025390625,50359700,0.0033650899278441226,False,0.0033650899278441226
2020-02-07,302.80670166015625,64139400,-0.005329837849347041,False,-0.005329837849347041
2020-02-10,305.0672302246094,42070000,0.007465252757153706,False,0.007465252757153706
2020-02-11,305.5960388183594,54864500,0.0017334165762761256,False,0.0017334165762761256
2020-02-12,307.5648193359375,43992700,0.006442428132219069,False,0.006442428132219069
2020-02-13,307.2367248535156,54501900,-0.001066749061645833,False,-0.001066749061645833
2020-02-14,307.7289123535156,64582200,0.0016019813394205773,False,0.0016019813394205773
2020-02-18,306.93597412109375,57226200,-0.002576742712790514,False,-0.002576742712790514
2020-02-19,308.4034423828125,48814700,0.0047810240097168055,False,0.0047810240097168055
2020-02-20,307.136474609375,74163400,-0.004108150556454748,False,-0.004108150556454748
2020-02-21,303.9734802246094,113788200,-0.010298335255649493,False,-0.010298335255649493
2020-02-24,293.89202880859375,161088400,-0.0331655623660535,True,-0.016530752453280957
2020-02-25,284.98651123046875,218913200,-0.0303020044954162,True,-0.016530752453280957
2020-02-26,283.9382629394531,194773800,-0.0036782382663995694,False,-0.0036782382663995694
2020-02-27,271.1861267089844,284353500,-0.04491165121055918,True,-0.016530752453280957
2020-02-28,270.0467224121094,384975800,-0.004201558209125156,False,-0.004201558209125156
2020-03-02,281.741455078125,238703600,0.04330633070290957,True,0.015596387768707738
2020-03-03,273.6745910644531,300139100,-0.028632151457565924,True,-0.016530752453280957
2020-03-04,285.177978515625,176613400,0.04203308537496886,True,0.015596387768707738
2020-03-05,275.6981201171875,186366800,-0.03324190194411558,True,-0.016530752453280957
2020-03-06,271.1405029296875,228667200,-0.016531187030084715,False,-0.016530752453280957
2020-03-09,249.96588134765625,309417300,-0.07809464596118376,True,-0.016530752453280957
2020-03-10,262.90045166015625,276444100,0.05174534317549684,True,0.015596387768707738
2020-03-11,250.0844268798828,255316300,-0.04874858410985283,True,-0.016530752453280957
2020-03-12,226.15707397460938,392220700,-0.09567710074472535,True,-0.016530752453280957
2020-03-13,245.4904022216797,329566100,0.08548628573626171,True,0.015596387768707738
2020-03-16,218.62789916992188,297240000,-0.10942384227103419,True,-0.016530752453280957
2020-03-17,230.4320831298828,262070500,0.053992120881088956,True,0.015596387768707738
2020-03-18,218.76463317871094,327597100,-0.0506329231272693,True,-0.016530752453280957
2020-03-19,219.22952270507812,289322000,0.0021250671080248473,False,0.0021250671080248473
2020-03-20,209.781982421875,347158800,-0.04309428842716856,True,-0.016530752453280957
2020-03-23,204.41824340820312,326025200,-0.025568158674777464,True,-0.016530752453280957
2020-03-24,222.939208984375,235494500,0.09060329091659058,True,0.015596387768707738
2020-03-25,226.27664184570312,299430300,0.014970147586564897,False,0.014970147586564897
2020-03-26,239.48886108398438,257632800,0.05838967350103497,True,0.015596387768707738
2020-03-27,232.35556030273438,224341200,-0.02978552216985353,True,-0.016530752453280957
2020-03-30,239.90142822265625,171369500,0.03247552118008468,True,0.015596387768707738
2020-03-31,236.3256378173828,194881100,-0.0149052485087946,False,-0.0149052485087946
2020-04-01,225.68984985351562,189554600,-0.04500479957272274,True,-0.016530752453280957
2020-04-02,230.89768981933594,177660400,0.02307520683451414,True,0.015596387768707738
2020-04-03,227.56028747558594,135561200,-0.014454030901570825,False,-0.014454030901570825
2020-04-06,242.8446502685547,188061200,0.06716621323748573,True,0.015596387768707738
2020-04-07,243.0922088623047,201427200,0.0010194113540331617,False,0.0010194113540331617
2020-04-08,251.25247192382812,153774500,0.03356859152218106,True,0.015596387768707738
2020-04-09,255.07583618164062,189999200,0.01521722046568219,False,0.01521722046568219
2020-04-13,252.7469482421875,114839100,-0.009130178594395355,False,-0.009130178594395355
2020-04-14,260.201171875,134143400,0.029492833383965245,True,0.015596387768707738
2020-04-15,254.6724853515625,121775000,-0.0212477387538188,True,-0.016530752453280957
2020-04-16,255.9010467529297,131798300,0.00482408376260679,False,0.00482408376260679
2020-04-17,262.8143310546875,146684800,0.0270154592545786,True,0.015596387768707738
2020-04-20,258.18402099609375,100109300,-0.0176181794958139,False,-0.016530752453280957
2020-04-21,250.3447723388672,126385700,-0.030363027994459668,True,-0.016530752453280957
2020-04-22,255.9010467529297,92951600,0.022194489472068923,True,0.015596387768707738
2020-04-23,255.88275146484375,104709700,-7.149360394609339e-05,False,-7.149360394609339e-05
2020-04-24,259.4492492675781,85063200,0.013938015682250393,False,0.013938015682250393
2020-04-27,263.190185546875,77896600,0.014418759313651774,False,0.014418759313651774
2020-04-28,261.97991943359375,105270000,-0.004598446977673087,False,-0.004598446977673087
2020-04-29,268.8382263183594,118745600,0.026178750262972228,True,0.015596387768707738
2020-04-30,266.335205078125,122901700,-0.009310510913988379,False,-0.009310510913988379
2020-05-01,259.2843017578125,125180000,-0.02647379387281612,True,-0.016530752453280957
2020-05-04,259.9994812011719,80873200,0.002758282852107996,False,0.002758282852107996
2020-05-05,262.4017333984375,79569900,0.009239449964159485,False,0.009239449964159485
2020-05-06,260.6229553222656,73632600,-0.00677883508288768,False,-0.00677883508288768
2020-05-07,263.76788330078125,75250400,0.012066964610338626,False,0.012066964610338626
2020-05-08,268.13214111328125,76452400,0.016545827179131223,False,0.015596387768707738
2020-05-11,268.1872253417969,79514200,0.00020543687260654586,False,0.00020543687260654586
2020-05-12,262.841796875,95870800,-0.019931704278547513,True,-0.016530752453280957
2020-05-13,258.1932373046875,144721100,-0.017685770016719338,False,-0.016530752453280957
2020-05-14,261.2831726074219,121977900,0.011967529959307166,False,0.011967529959307166
2020-05-15,262.48419189453125,111146300,0.004596619350278219,False,0.004596619350278219
2020-05-18,270.4793395996094,119703800,0.030459539857892404,True,0.015596387768707738
2020-05-19,267.7012023925781,95189300,-0.010271162341433326,False,-0.010271162341433326
2020-05-20,272.2490539550781,85861700,0.01698853618083751,False,0.015596387768707738
2020-05-21,270.36944580078125,78293900,-0.006904002518984043,False,-0.006904002518984043
2020-05-22,270.8828125,63958200,0.0018987600381332737,False,0.0018987600381332737
2020-05-26,274.2203063964844,88951400,0.012320803471000508,False,0.012320803471000508
2020-05-27,278.3003845214844,104817400,0.014878832930413255,False,0.014878832930413255
2020-05-28,277.7868957519531,90405200,-0.0018450882502880628,False,-0.0018450882502880628
2020-05-29,279.02471923828125,119090800,0.004456018283286678,False,0.004456018283286678
2020-06-01,280.1524353027344,55758300,0.00404163497603971,False,0.00404163497603971
2020-06-02,282.47222900390625,74267200,0.008280469518907152,False,0.008280469518907152
2020-06-03,286.23138427734375,92567600,0.01330805257102119,False,0.01330805257102119
2020-06-04,285.4795227050781,75794400,-0.0026267614718905596,False,-0.0026267614718905596
2020-06-05,292.7962341308594,150524700,0.02562954903543102,True,0.015596387768707738
2020-06-08,296.3354797363281,73641200,0.012087742917782807,False,0.012087742917782807
2020-06-09,294.1257019042969,77479200,-0.007457014036920118,False,-0.007457014036920118
2020-06-10,292.4844665527344,95000800,-0.00558004737748663,False,-0.00558004737748663
2020-06-11,275.623046875,209243600,-0.05764894073338522,True,-0.016530752453280957
2020-06-12,278.923828125,194678900,0.011975708444645905,False,0.011975708444645905
2020-06-15,281.5277404785156,135782700,0.00933556796140289,False,0.00933556796140289
2020-06-16,286.9465637207031,137627500,0.019247919345273257,False,0.015596387768707738
2020-06-17,285.7546691894531,83398900,-0.004153715994348439,False,-0.004153715994348439
2020-06-18,285.86468505859375,80828700,0.0003850011251003149,False,0.0003850011251003149
2020-06-19,284.23101806640625,135549600,-0.00571482620125896,False,-0.00571482620125896
2020-06-22,286.05438232421875,74649400,0.0064150783760923424,False,0.0064150783760923424
2020-06-23,287.3712463378906,68471200,0.0046035442735476995,False,0.0046035442735476995
2020-06-24,280.040771484375,132813500,-0.02550872763692047,True,-0.016530752453280957
2020-06-25,283.0429382324219,89468000,0.010720463067337205,False,0.010720463067337205
2020-06-26,276.3203125,127961000,-0.02375125758093133,True,-0.016530752453280957
2020-06-29,280.38153076171875,79773300,0.014697501696400828,False,0.014697501696400828
2020-06-30,283.97308349609375,113394800,0.012809519673488312,False,0.012809519673488312
2020-07-01,285.9622497558594,72396500,0.0070047704355507,False,0.0070047704355507
2020-07-02,287.53704833984375,69344200,0.005507015647445934,False,0.005507015647445934
2020-07-06,291.9757995605469,61713800,0.015437145391632878,False,0.015437145391632878
2020-07-07,288.96441650390625,82910000,-0.010313810463651651,False,-0.010313810463651651
2020-07-08,291.1745910644531,54638600,0.007648604583523122,False,0.007648604583523122
2020-07-09,289.51702880859375,83354200,-0.005692674796244357,False,-0.005692674796244357
2020-07-10,292.4731140136719,57550400,0.010210401844903183,False,0.010210401844903183
2020-07-13,289.940673828125,102997500,-0.008658711054816748,False,-0.008658711054816748
2020-07-14,293.6979064941406,93657000,0.012958625695416837,False,0.012958625695416837
2020-07-15,296.39630126953125,87196500,0.009187654102139398,False,0.009187654102139398
2020-07-16,295.4200134277344,54622500,-0.003293859733118132,False,-0.003293859733118132
2020-07-17,296.27642822265625,62774900,0.002898973515656378,False,0.002898973515656378
2020-07-20,298.6708679199219,56308800,0.008081775899722254,False,0.008081775899722254
2020-07-21,299.3063049316406,57292200,0.0021275493527179723,False,0.0021275493527179723
2020-07-22,301.0099792480469,57792900,0.00569207627214996,False,0.00569207627214996
2020-07-23,297.41839599609375,75738000,-0.011931774690411512,False,-0.011931774690411512
2020-07-24,295.5029602050781,73766600,-0.006440206176892893,False,-0.006440206176892893
2020-07-27,297.6578369140625,48293000,0.00729223391701006,False,0.00729223391701006
2020-07-28,295.77001953125,57495000,-0.00634223980925297,False,-0.00634223980925297
2020-07-29,299.4076232910156,48454200,0.012298757546592043,False,0.012298757546592043
2020-07-30,298.3393859863281,61861700,-0.0035678360255015917,False,-0.0035678360255015917
2020-07-31,300.69683837890625,84986800,0.007901914743117855,False,0.007901914743117855
2020-08-03,302.787353515625,53077900,0.006952235174765953,False,0.006952235174765953
2020-08-04,303.9569396972656,41917900,0.0038627312800905145,False,0.0038627312800905145
2020-08-05,305.84478759765625,42697700,0.00621090573642058,False,0.00621090573642058
2020-08-06,307.88916015625,43679400,0.006684346575437372,False,0.006684346575437372
2020-08-07,308.1102600097656,57308300,0.0007181150950668069,False,0.0007181150950668069
2020-08-10,309.0310974121094,44282100,0.0029886619235417466,False,0.0029886619235417466
2020-08-11,306.48016357421875,69601100,-0.008254618578041772,False,-0.008254618578041772
2020-08-12,310.7532043457031,53774400,0.013942307788052277,False,0.013942307788052277
2020-08-13,310.1914978027344,41816100,-0.0018075647655876326,False,-0.0018075647655876326
2020-08-14,310.20068359375,47260400,2.9613290759789024e-05,False,2.9613290759789024e-05
2020-08-17,311.18603515625,35481000,0.0031764970698466843,False,0.0031764970698466843
2020-08-18,311.8583679199219,38733900,0.0021605492782936775,False,0.0021605492782936775
2020-08-19,310.559814453125,68054200,-0.004163920549761557,False,-0.004163920549761557
2020-08-20,311.52685546875,42207800,0.003113863966359931,False,0.003113863966359931
2020-08-21,312.6319885253906,55106600,0.003547472833370202,False,0.003547472833370202
2020-08-24,315.7999267578125,48588700,0.010133122484887958,False,0.010133122484887958
2020-08-25,316.90496826171875,38463400,0.0034991822678720474,False,0.0034991822678720474
2020-08-26,320.0821228027344,50790200,0.010025575043657087,False,0.010025575043657087
2020-08-27,320.781982421875,58034100,0.002186500180055173,False,0.002186500180055173
2020-08-28,322.8541259765625,48588900,0.006459663161387796,False,0.006459663161387796
2020-08-31,321.6845397949219,66099200,-0.003622645918192613,False,-0.003622645918192613
2020-09-01,324.7143249511719,54908700,0.00941849788050586,False,0.00941849788050586
2020-09-02,329.4109802246094,69540000,0.014463960818925203,False,0.014463960818925203
2020-09-03,318.0746154785156,148011100,-0.0344140463634941,True,-0.016530752453280957
2020-09-04,315.4775695800781,139156300,-0.008164895191433263,False,-0.008164895191433263
2020-09-08,306.8577575683594,114465300,-0.027323058254798638,True,-0.016530752453280957
2020-09-09,312.9174499511719,91462300,0.019747561315808015,False,0.015596387768707738
2020-09-10,307.4840393066406,90569500,-0.01736371891493771,False,-0.016530752453280957
2020-09-11,307.6405944824219,84680200,0.0005091489500861357,False,0.0005091489500861357
2020-09-14,311.692626953125,65605700,0.013171319206167542,False,0.013171319206167542
2020-09-15,313.26739501953125,52920900,0.005052310931445536,False,0.005052310931445536
2020-09-16,312.02410888671875,82096000,-0.003968769659973614,False,-0.003968769659973614
2020-09-17,309.2797546386719,91523300,-0.008795327572085898,False,-0.008795327572085898
2020-09-18,305.71917724609375,105877900,-0.011512481302689559,False,-0.011512481302689559
2020-09-21,302.31671142578125,99450800,-0.01112938302059352,False,-0.01112938302059352
2020-09-22,305.3955078125,63612100,0.010184009915292336,False,0.010184009915292336
2020-09-23,298.31317138671875,93112200,-0.023190702694060317,True,-0.016530752453280957
2020-09-24,299.1082763671875,76681300,0.00266533648773426,False,0.00266533648773426
2020-09-25,303.9439697265625,71069400,0.01616703294909394,False,0.015596387768707738
2020-09-28,308.9922180175781,64584600,0.01660914113728662,False,0.015596387768707738
2020-09-29,307.3094787597656,51304000,-0.00544589526755257,False,-0.00544589526755257
2020-09-30,309.63946533203125,104081100,0.007581889701772093,False,0.007581889701772093
2020-10-01,311.6274108886719,88698700,0.006420194384811229,False,0.006420194384811229
2020-10-02,308.6686706542969,89431100,-0.009494480045697862,False,-0.009494480045697862
2020-10-05,314.1423034667969,45713100,0.017733036530391377,False,0.015596387768707738
2020-10-06,309.67645263671875,90128900,-0.014216012236474063,False,-0.014216012236474063
2020-10-07,315.0669250488281,56999600,0.01740678816943486,False,0.015596387768707738
2020-10-08,317.85919189453125,45242500,0.008862456271061747,False,0.008862456271061747
2020-10-09,320.69775390625,59528600,0.00893024988454827,False,0.00893024988454827
2020-10-12,325.85693359375,80388500,0.01608735834491748,False,0.015596387768707738
2020-10-13,323.7303771972656,73255500,-0.006526043110488433,False,-0.006526043110488433
2020-10-14,321.69622802734375,57727900,-0.0062834670861992015,False,-0.0062834670861992015
2020-10-15,321.2987365722656,60357700,-0.001235611177400342,False,-0.001235611177400342
2020-10-16,321.1044616699219,89501900,-0.0006046550460059308,False,-0.0006046550460059308
2020-10-19,316.22259521484375,68425600,-0.01520335914888793,False,-0.01520335914888793
2020-10-20,317.4892883300781,60051900,0.004005700839858628,False,0.004005700839858628
2020-10-21,316.8882751464844,63575000,-0.0018930187747591143,False,-0.0018930187747591143
2020-10-22,318.6265869140625,55399300,0.005485566693102184,False,0.005485566693102184
2020-10-23,319.7083435058594,49143900,0.0033950606641894865,False,0.0033950606641894865
2020-10-26,313.8002014160156,91473000,-0.01847978699916375,True,-0.016530752453280957
2020-10-27,312.7183532714844,65994100,-0.0034475699494437295,False,-0.0034475699494437295
2020-10-28,302.0301208496094,127094300,-0.03417846221707388,True,-0.016530752453280957
2020-10-29,305.09967041015625,90597700,0.010163057750373516,False,0.010163057750373516
2020-10-30,301.9189758300781,120287300,-0.01042510001994501,False,-0.01042510001994501
2020-11-02,305.30316162109375,86068300,0.01120892047845401,False,0.01120892047845401
2020-11-03,310.6934814453125,93294200,0.017655630539812783,False,0.015596387768707738
2020-11-04,317.6372375488281,126959700,0.022349217213100347,True,0.015596387768707738
2020-11-05,323.8320617675781,82039700,0.019502827396922218,False,0.015596387768707738
2020-11-06,323.75811767578125,74973000,-0.000228340860979781,False,-0.000228340860979781
2020-11-09,327.8262634277344,172304200,0.012565386101073939,False,0.012565386101073939
2020-11-10,327.3455505371094,85552000,-0.0014663647921270284,False,-0.0014663647921270284
2020-11-11,329.7773132324219,58649000,0.007428733004992694,False,0.007428733004992694
2020-11-12,326.57806396484375,67546200,-0.009701241229178592,False,-0.009701241229178592
2020-11-13,331.0994567871094,62892200,0.013844753586243153,False,0.013844753586243153
2020-11-16,335.2324523925781,74541100,0.0124826408523111,False,0.0124826408523111
2020-11-17,333.4294738769531,66111000,-0.005378293487867891,False,-0.005378293487867891
2020-11-18,329.416748046875,70591300,-0.012034706420581687,False,-0.012034706420581687
2020-11-19,330.8035583496094,59940900,0.004209896160279669,False,0.004209896160279669
2020-11-20,328.53826904296875,70417300,-0.006847838390681815,False,-0.006847838390681815
2020-11-23,330.50775146484375,63230600,0.00599468192126329,False,0.00599468192126329
2020-11-24,335.8334045410156,62415900,0.016113549690039086,False,0.015596387768707738
2020-11-25,335.3156433105469,45330900,-0.0015417204586195554,False,-0.0015417204586195554
2020-11-27,336.2494812011719,28514100,0.0027849517589018102,False,0.0027849517589018102
2020-11-30,334.7608642578125,83872700,-0.004427120416785946,False,-0.004427120416785946
2020-12-01,338.42230224609375,74231400,0.01093747322106764,False,0.01093747322106764
2020-12-02,339.13427734375,45927000,0.0021038066727012694,False,0.0021038066727012694
2020-12-03,339.04180908203125,62882000,-0.0002726597336105696,False,-0.0002726597336105696
2020-12-04,341.9635925292969,50749900,0.008617767393279463,False,0.008617767393279463
2020-12-07,341.26068115234375,48944300,-0.0020555152428775036,False,-0.0020555152428775036
2020-12-08,342.2593994140625,42458900,0.002926555319371582,False,0.002926555319371582
2020-12-09,339.189697265625,74098300,-0.00896893453822667,False,-0.00896893453822667
2020-12-10,339.07879638671875,57735400,-0.0003269582767408963,False,-0.0003269582767408963
2020-12-11,338.6811828613281,57698600,-0.0011726286917013162,False,-0.0011726286917013162
2020-12-14,337.164794921875,69216200,-0.004477331532392825,False,-0.004477331532392825
2020-12-15,341.72314453125,63865300,0.013519648783115734,False,0.013519648783115734
2020-12-16,342.2593994140625,58420500,0.001569267084756909,False,0.001569267084756909
2020-12-17,344.1733093261719,64119500,0.005591986415525607,False,0.005591986415525607
2020-12-18,342.7991027832031,136542300,-0.003992774877456973,False,-0.003992774877456973
2020-12-21,341.5733337402344,96386700,-0.003575765026852973,False,-0.003575765026852973
2020-12-22,340.99761962890625,47949000,-0.0016854773322730887,False,-0.0016854773322730887
2020-12-23,341.3041076660156,46201400,0.0008987981717962779,False,0.0008987981717962779
2020-12-24,342.6319580078125,26457900,0.0038905196625884653,False,0.0038905196625884653
2020-12-28,345.5754699707031,39000400,0.0085908856255128,False,0.0085908856255128
2020-12-29,344.91619873046875,53680500,-0.0019077489507292045,False,-0.0019077489507292045
2020-12-30,345.4082336425781,49455300,0.0014265346594923844,False,0.0014265346594923844
2020-12-31,347.1632385253906,78520700,0.005080958448224315,False,0.005080958448224315
2021-01-04,342.4368896484375,110210800,-0.013614197450826704,False,-0.013614197450826704
2021-01-05,344.79541015625,66426200,0.00688746037330823,False,0.00688746037330823
2021-01-06,346.8567810058594,107997700,0.005978533324081159,False,0.005978533324081159
2021-01-07,352.0102233886719,68766800,0.014857551199858099,False,0.014857551199858099
2021-01-08,354.0158386230469,71677200,0.005697605072567669,False,0.005697605072567669
2021-01-11,351.6295166015625,51034700,-0.006740721067074351,False,-0.006740721067074351
2021-01-12,351.7037353515625,52547700,0.000211070875725472,False,0.000211070875725472
2021-01-13,352.6509094238281,45303600,0.0026931021114087184,False,0.0026931021114087184
2021-01-14,351.416015625,49989100,-0.0035017456805818137,False,-0.0035017456805818137
2021-01-15,348.8531799316406,107160000,-0.007292882451021221,False,-0.007292882451021221
2021-01-19,351.59228515625,51233300,0.007851742171724352,False,0.007851742171724352
2021-01-20,356.4578857421875,61836100,0.013838758105216176,False,0.013838758105216176
2021-01-21,356.7828674316406,47840100,0.000911697292869551,False,0.000911697292869551
2021-01-22,355.52008056640625,52860500,-0.0035393708064648255,False,-0.0035393708064648255
2021-01-25,356.9221496582031,70402000,0.003943712798340826,False,0.003943712798340826
2021-01-26,356.36505126953125,42665300,-0.0015608400577138415,False,-0.0015608400577138415
2021-01-27,347.65533447265625,123351100,-0.02444043478968294,True,-0.016530752453280957
2021-01-28,350.6452331542969,94198100,0.008600180653565603,False,0.008600180653565603
2021-01-29,343.6253967285156,126765100,-0.020019768592411613,True,-0.016530752453280957
2021-02-01,349.3453063964844,75817600,0.01664577101234399,False,0.015596387768707738
2021-02-02,354.28509521484375,64450700,0.014140132207052014,False,0.014140132207052014
2021-02-03,354.563720703125,52427100,0.0007864442846863273,False,0.0007864442846863273
2021-02-04,358.59356689453125,47142600,0.011365647290181746,False,0.011365647290181746
2021-02-05,360.0048828125,48669800,0.003935697815749872,False,0.003935697815749872
2021-02-08,362.60491943359375,38365200,0.007222225989773401,False,0.007222225989773401
2021-02-09,362.3634338378906,35551100,-0.0006659744056433103,False,-0.0006659744056433103
2021-02-10,362.2054748535156,59154400,-0.000435913145821587,False,-0.000435913145821587
2021-02-11,362.79058837890625,42913300,0.0016154187774970463,False,0.0016154187774970463
2021-02-12,364.58270263671875,50593300,0.0049398036090748665,False,0.0049398036090748665
2021-02-16,364.2668762207031,50972400,-0.0008662682396380905,False,-0.0008662682396380905
2021-02-17,364.35052490234375,52290600,0.00022963570695333502,False,0.00022963570695333502
2021-02-18,362.7998962402344,59712800,-0.00425587053161236,False,-0.00425587053161236
2021-02-19,362.15911865234375,83241000,-0.001766201133272416,False,-0.001766201133272416
2021-02-22,359.37353515625,67414200,-0.007691601157136074,False,-0.007691601157136074
2021-02-23,359.80999755859375,107284100,0.0012145090265314185,False,0.0012145090265314185
2021-02-24,363.7747802734375,72433900,0.011019101030393497,False,0.011019101030393497
2021-02-25,355.0093994140625,146670500,-0.024095625465807013,True,-0.016530752453280957
2021-02-26,353.18011474609375,152701600,-0.005152778126404467,False,-0.005152778126404467
2021-03-01,361.7413024902344,105348800,0.024240288132573395,True,0.015596387768707738
2021-03-02,358.9184875488281,79595300,-0.007803407910498272,False,-0.007803407910498272
2021-03-03,354.1644287109375,119940200,-0.013245511175413838,False,-0.013245511175413838
2021-03-04,349.78167724609375,183433000,-0.012374905861652352,False,-0.012374905861652352
2021-03-05,356.2164611816406,152039600,0.018396572359676844,False,0.015596387768707738
2021-03-08,354.4429626464844,123149200,-0.004978710218144333,False,-0.004978710218144333
2021-03-09,359.5035400390625,113633600,0.014277550765270597,False,0.014277550765270597
2021-03-10,361.7413024902344,109899400,0.006224590864748469,False,0.006224590864748469
2021-03-11,365.4090270996094,86245000,0.01013908167003974,False,0.01013908167003974
2021-03-12,365.90118408203125,64653600,0.0013468659664166438,False,0.0013468659664166438
2021-03-15,368.083251953125,73427200,0.005963544164439005,False,0.005963544164439005
2021-03-16,367.6189880371094,73722500,-0.0012613013864448686,False,-0.0012613013864448686
2021-03-17,368.87255859375,97959300,0.0034099722741036675,False,0.0034099722741036675
2021-03-18,363.5055236816406,115349100,-0.014549835131596911,False,-0.014549835131596911
2021-03-19,362.8329772949219,113624500,-0.0018501682722922297,False,-0.0018501682722922297
2021-03-22,365.7301940917969,73778600,0.007984987523667275,False,0.007984987523667275
2021-03-23,362.85162353515625,90686600,-0.007870748992406473,False,-0.007870748992406473
2021-03-24,361.0069885253906,97588600,-0.005083717117740583,False,-0.005083717117740583
2021-03-25,363.0379638671875,116128600,0.005625861565984769,False,0.005625861565984769
2021-03-26,368.8882141113281,114409100,0.016114706522210698,False,0.015596387768707738
2021-03-29,368.701904296875,108107600,-0.0005050576497868109,False,-0.0005050576497868109
2021-03-30,367.7237854003906,76262200,-0.0026528718324622114,False,-0.0026528718324622114
2021-03-31,369.21429443359375,112734200,0.004053338653577265,False,0.004053338653577265
2021-04-01,373.2013854980469,99682900,0.010798853469554004,False,0.010798853469554004
2021-04-05,378.55804443359375,91684800,0.014353266476752946,False,0.014353266476752946
2021-04-06,378.33447265625,62021000,-0.00059058783885646,False,-0.00059058783885646
2021-04-07,378.7723693847656,55836300,0.001157432801301983,False,0.001157432801301983
2021-04-08,380.57025146484375,57863100,0.004746603040233444,False,0.004746603040233444
2021-04-09,383.33709716796875,61104600,0.007270262697820495,False,0.007270262697820495
2021-04-12,383.4767761230469,56704900,0.0003643763051113247,False,0.0003643763051113247
2021-04-13,384.6134033203125,56551000,0.002964005301069106,False,0.002964005301069106
2021-04-14,383.2999267578125,61659900,-0.0034150566547107575,False,-0.0034150566547107575
2021-04-15,387.4173889160156,60229800,0.010742141781844738,False,0.010742141781844738
2021-04-16,388.71234130859375,82037300,0.003342525218605674,False,0.003342525218605674
2021-04-19,386.8025207519531,78498500,-0.004913197636615463,False,-0.004913197636615463
2021-04-20,383.97052001953125,81851800,-0.0073215674161491995,False,-0.0073215674161491995
2021-04-21,387.6037292480469,66793000,0.00946220878709858,False,0.00946220878709858
2021-04-22,384.063720703125,97582800,-0.009133061108027807,False,-0.009133061108027807
2021-04-23,388.2279357910156,73209200,0.010842510925705096,False,0.010842510925705096
2021-04-26,389.0382995605469,52182400,0.002087340180402242,False,0.002087340180402242
2021-04-27,388.9544982910156,51303100,-0.0002154062199682949,False,-0.0002154062199682949
2021-04-28,388.8427429199219,51238900,-0.0002873224800967744,False,-0.0002873224800967744
2021-04-29,391.3207092285156,78544300,0.006372669552699106,False,0.006372669552699106
2021-04-30,388.74951171875,85527000,-0.006570563349010405,False,-0.006570563349010405
2021-05-03,389.5880432128906,68128300,0.002156996906396813,False,0.002156996906396813
2021-05-04,387.18450927734375,101591200,-0.00616942428654943,False,-0.00616942428654943
2021-05-05,387.30560302734375,60162200,0.0003127546353185462,False,0.0003127546353185462
2021-05-06,390.3985900878906,74321400,0.007985908379250839,False,0.007985908379250839
2021-05-07,393.2398376464844,67733800,0.007277812038086751,False,0.007277812038086751
2021-05-10,389.3458557128906,81852400,-0.009902307855935932,False,-0.009902307855935932
2021-05-11,385.8710632324219,116888000,-0.008924693635447678,False,-0.008924693635447678
2021-05-12,377.6730651855469,134811000,-0.021245433586547735,True,-0.016530752453280957
2021-05-13,382.2098083496094,106394000,0.012012355611946024,False,0.012012355611946024
2021-05-14,388.0788269042969,82201600,0.015355489122662824,False,0.015355489122662824
2021-05-17,387.0913391113281,65129200,-0.0025445546742293157,False,-0.0025445546742293157
2021-05-18,383.7562255859375,59810200,-0.008615830912278355,False,-0.008615830912278355
2021-05-19,382.7501525878906,106467100,-0.0026216460632286775,False,-0.0026216460632286775
2021-05-20,386.86773681640625,78022200,0.010757890495079803,False,0.010757890495079803
2021-05-21,386.551025390625,76578700,-0.0008186555653038052,False,-0.0008186555653038052
2021-05-24,390.4916687011719,51376700,0.01019436775924909,False,0.01019436775924909
2021-05-25,389.62530517578125,57451400,-0.002218647911931826,False,-0.002218647911931826
2021-05-26,390.3985900878906,43088600,0.001984688627348019,False,0.001984688627348019
2021-05-27,390.6033935546875,56707700,0.0005246009386221662,False,0.0005246009386221662
2021-05-28,391.30218505859375,58520200,0.0017890052043503246,False,0.0017890052043503246
2021-06-01,390.9574890136719,54216600,-0.0008808947613473395,False,-0.0008808947613473395
2021-06-02,391.572265625,49097100,0.0015724896660225252,False,0.0015724896660225252
2021-06-03,390.1190185546875,58138800,-0.003711312567024949,False,-0.003711312567024949
2021-06-04,393.68695068359375,55938800,0.00914575285799879,False,0.00914575285799879
2021-06-07,393.3050842285156,51555000,-0.0009699748859215429,False,-0.0009699748859215429
2021-06-08,393.3888854980469,47134300,0.00021306937767051615,False,0.00021306937767051615
2021-06-09,392.802001953125,48436300,-0.0014918661064327043,False,-0.0014918661064327043
2021-06-10,394.6278381347656,51020100,0.0046482354279306914,False,0.0046482354279306914
2021-06-11,395.27996826171875,45570800,0.0016525193205716437,False,0.0016525193205716437
2021-06-14,396.1649475097656,42358500,0.002238866927506189,False,0.002238866927506189
2021-06-15,395.4383544921875,51508500,-0.0018340669010354915,False,-0.0018340669010354915
2021-06-16,393.2305908203125,80386100,-0.005583079250646161,False,-0.005583079250646161
2021-06-17,393.1000671386719,90949700,-0.0003319265710440833,False,-0.0003319265710440833
2021-06-18,387.7969970703125,118676300,-0.013490381996013823,False,-0.013490381996013823
2021-06-21,393.3487243652344,72822000,0.01431606571702071,False,0.01431606571702071
2021-06-22,395.45166015625,57700300,0.005346237729407344,False,0.005346237729407344
2021-06-23,394.9750061035156,49445400,-0.001205340881730077,False,-0.001205340881730077
2021-06-24,397.3114929199219,45110300,0.00591553080650864,False,0.00591553080650864
2021-06-25,398.7227783203125,58129500,0.0035520880355581763,False,0.0035520880355581763
2021-06-28,399.526611328125,53159600,0.002016019779955247,False,0.002016019779955247
2021-06-29,399.7416076660156,35970500,0.0005381277036238252,False,0.0005381277036238252
2021-06-30,400.0780029296875,64827900,0.0008415317725767313,False,0.0008415317725767313
2021-07-01,402.2930603027344,53441000,0.005536563762132518,False,0.005536563762132518
2021-07-02,405.3680725097656,57697700,0.007643711787415075,False,0.007643711787415075
2021-07-06,404.6296081542969,68710400,-0.0018217131677309428,False,-0.0018217131677309428
2021-07-07,406.0596618652344,63549500,0.003534229038405279,False,0.003534229038405279
2021-07-08,402.7510986328125,97595200,-0.008147973175232415,False,-0.008147973175232415
2021-07-09,407.0503845214844,76238600,0.010674796178747448,False,0.010674796178747448
2021-07-12,408.50836181640625,52889600,0.003581810386042994,False,0.003581810386042994
2021-07-13,407.1157531738281,52911300,-0.0034090089034799487,False,-0.0034090089034799487
2021-07-14,407.7232666015625,64130400,0.001492237583533118,False,0.001492237583533118
2021-07-15,406.3306884765625,55126400,-0.0034154983025799224,False,-0.0034154983025799224
2021-07-16,403.14361572265625,75874700,-0.007843544296039728,False,-0.007843544296039728
2021-07-19,397.1900634765625,147987000,-0.014767819739428867,False,-0.014767819739428867
2021-07-20,402.8818664550781,99608200,0.014330174649123562,False,0.014330174649123562
2021-07-21,406.143798828125,64724400,0.008096498365012916,False,0.008096498365012916
2021-07-22,406.9943542480469,47878500,0.002094222347789332,False,0.002094222347789332
2021-07-23,411.1815185546875,63766600,0.010288015700799402,False,0.010288015700799402
2021-07-26,412.1908264160156,43719200,0.0024546527890549896,False,0.0024546527890549896
2021-07-27,410.312255859375,67397100,-0.004557526359756037,False,-0.004557526359756037
2021-07-28,410.14398193359375,52472400,-0.00041011186816442,False,-0.00041011186816442
2021-07-29,411.8450012207031,47435300,0.004147371074640693,False,0.004147371074640693
2021-07-30,409.8449401855469,68951200,-0.004856344083886133,False,-0.004856344083886133
2021-08-02,408.9850769042969,58783300,-0.0020980209755931956,False,-0.0020980209755931956
2021-08-03,412.3123474121094,58053900,0.008135432551714006,False,0.008135432551714006
2021-08-04,410.2842102050781,46732200,-0.00491893395810461,False,-0.00491893395810461
2021-08-05,412.8824768066406,38969700,0.006332845712643476,False,0.006332845712643476
2021-08-06,413.5647277832031,46930000,0.0016524096198977656,False,0.0016524096198977656
2021-08-09,413.228271484375,41222600,-0.0008135517277587656,False,-0.0008135517277587656
2021-08-10,413.7423400878906,43339300,0.0012440305733898427,False,0.0012440305733898427
2021-08-11,414.7703857421875,44034300,0.002484748488826405,False,0.002484748488826405
2021-08-12,416.0134582519531,38909400,0.0029970136550161453,False,0.0029970136550161453
2021-08-13,416.7705383300781,39470300,0.0018198451591113773,False,0.0018198451591113773
2021-08-16,417.7519226074219,73740000,0.0023547352489836637,False,0.0023547352489836637
2021-08-17,415.01348876953125,92673900,-0.006555167528131345,False,-0.006555167528131345
2021-08-18,410.47113037109375,89351900,-0.010945086175162877,False,-0.010945086175162877
2021-08-19,411.1066589355469,92812200,0.0015482905311234862,False,0.0015482905311234862
2021-08-20,414.3778076171875,72008700,0.00795693431507627,False,0.00795693431507627
2021-08-23,418.02294921875,54973000,0.008796662211529416,False,0.008796662211529416
2021-08-24,418.6865539550781,38744700,0.0015874839828013965,False,0.0015874839828013965
2021-08-25,419.5650634765625,40529700,0.00209825109783357,False,0.00209825109783357
2021-08-26,417.08837890625,57829600,-0.005902980934090252,False,-0.005902980934090252
2021-08-27,420.8174743652344,77235100,0.008940780054249808,False,0.008940780054249808
2021-08-30,422.6680603027344,48357400,0.004397597652738838,False,0.004397597652738838
2021-08-31,422.0419006347656,59300200,-0.0014814454338476502,False,-0.0014814454338476502
2021-09-01,422.26617431640625,48721400,0.0005314014587256555,False,0.0005314014587256555
2021-09-02,423.5652770996094,42501000,0.0030765021264282932,False,0.0030765021264282932
2021-09-03,423.4624938964844,47170500,-0.0002426620138195057,False,-0.0002426620138195057
2021-09-07,421.94842529296875,51671500,-0.0035754491255741705,False,-0.0035754491255741705
2021-09-08,421.4343566894531,56181900,-0.0012183209432733433,False,-0.0012183209432733433
2021-09-09,419.63055419921875,57970400,-0.00428015054207731,False,-0.00428015054207731
2021-09-10,416.3218994140625,89948200,-0.007884685116578694,False,-0.007884685116578694
2021-09-13,417.3873596191406,83738600,0.0025592220985195535,False,0.0025592220985195535
2021-09-14,415.13494873046875,78197100,-0.005396452088839432,False,-0.005396452088839432
2021-09-15,418.6024475097656,78792200,0.008352702632965281,False,0.008352702632965281
2021-09-16,417.9388427734375,77786700,-0.0015852863266229145,False,-0.0015852863266229145
2021-09-17,413.86773681640625,118425000,-0.009740913120243722,False,-0.009740913120243722
2021-09-20,406.9667053222656,166445500,-0.01667448530109017,False,-0.016530752453280957
2021-09-21,406.58233642578125,92526100,-0.0009444725857364888,False,-0.0009444725857364888
2021-09-22,410.54852294921875,102350100,0.009754940557191505,False,0.009754940557191505
2021-09-23,415.5365905761719,76396000,0.012149763908833044,False,0.012149763908833044
2021-09-24,416.2211608886719,62094800,0.0016474368997223543,False,0.0016474368997223543
2021-09-27,415.0303955078125,61371100,-0.0028608958235496473,False,-0.0028608958235496473
2021-09-28,406.666748046875,130436300,-0.02015189140714413,True,-0.016530752453280957
2021-09-29,407.3511657714844,82329200,0.0016829940679843336,False,0.0016829940679843336
2021-09-30,402.3724060058594,140506000,-0.012222279408960812,False,-0.012222279408960812
2021-10-01,407.1542053222656,129240100,0.011884014025396628,False,0.011884014025396628
2021-10-04,401.903564453125,128570000,-0.012895951461399546,False,-0.012895951461399546
2021-10-05,406.0854187011719,90682500,0.010405118585442796,False,0.010405118585442796
2021-10-06,407.773193359375,113032200,0.00415620601104405,False,0.00415620601104405
2021-10-07,411.298583984375,72437500,0.008645469301099995,False,0.008645469301099995
2021-10-08,410.54852294921875,74557400,-0.0018236411803079777,False,-0.0018236411803079777
2021-10-11,407.5762023925781,65233300,-0.0072398763860813675,False,-0.0072398763860813675
2021-10-12,406.5729675292969,71181200,-0.0024614657514153704,False,-0.0024614657514153704
2021-10-13,408.0356140136719,72974000,0.0035975005747759248,False,0.0035975005747759248
2021-10-14,414.8990173339844,70236800,0.01682059870411834,False,0.015596387768707738
2021-10-15,418.05889892578125,66260200,0.00761602573103537,False,0.00761602573103537
2021-10-18,419.2965087890625,62213200,0.0029603720108848375,False,0.0029603720108848375
2021-10-19,422.5312805175781,46996800,0.0077147595095836685,False,0.0077147595095836685
2021-10-20,424.1909484863281,49571600,0.003927917399906944,False,0.003927917399906944
2021-10-21,425.29730224609375,41305400,0.002608150324078018,False,0.002608150324078018
2021-10-22,424.8565979003906,58845100,-0.0010362265252463754,False,-0.0010362265252463754
2021-10-25,427.1350402832031,45214500,0.00536285041605189,False,0.00536285041605189
2021-10-26,427.5195007324219,56075100,0.0009000911022514213,False,0.0009000911022514213
2021-10-27,425.62548828125,72438000,-0.004430236393724862,False,-0.004430236393724862
2021-10-28,429.73223876953125,51437900,0.009648741913612868,False,0.009648741913612868
2021-10-29,430.604248046875,70162400,0.002029192130989843,False,0.002029192130989843
2021-11-01,431.3450622558594,48433600,0.00172040617886271,False,0.00172040617886271
2021-11-02,433.08905029296875,48908400,0.004043138984803907,False,0.004043138984803907
2021-11-03,435.73309326171875,52509800,0.006105079237079369,False,0.006105079237079369
2021-11-04,437.7864990234375,52847100,0.004712531119332342,False,0.004712531119332342
2021-11-05,439.3054504394531,66390600,0.0034696168552568185,False,0.0034696168552568185
2021-11-08,439.68048095703125,50405200,0.0008536896530715321,False,0.0008536896530715321
2021-11-09,438.2271423339844,51149100,-0.003305442670285208,False,-0.003305442670285208
2021-11-10,434.7016906738281,69429700,-0.0080448044394964,False,-0.0080448044394964
2021-11-11,434.84234619140625,34848500,0.0003235679101227795,False,0.0003235679101227795
2021-11-12,438.1241149902344,53466700,0.0075470313035785885,False,0.0075470313035785885
2021-11-15,438.2740478515625,46980500,0.0003422154960164292,False,0.0003422154960164292
2021-11-16,440.0086975097656,48857500,0.00395791096166076,False,0.00395791096166076
2021-11-17,438.93975830078125,47858300,-0.0024293592718371837,False,-0.0024293592718371837
2021-11-18,440.43060302734375,50625600,0.003396467734738451,False,0.003396467734738451
2021-11-19,439.6429748535156,57315600,-0.001788313910101369,False,-0.001788313910101369
2021-11-22,438.4053039550781,72762000,-0.002815172695184942,False,-0.002815172695184942
2021-11-23,438.9866638183594,73206500,0.00132607853517408,False,0.00132607853517408
2021-11-24,440.1587219238281,61858800,0.00266991733934252,False,0.00266991733934252
2021-11-26,430.3417663574219,112669600,-0.02230321717470163,True,-0.016530752453280957
2021-11-29,435.6206359863281,86268800,0.012266691363909787,False,0.012266691363909787
2021-11-30,427.1444396972656,148559600,-0.019457747381206536,True,-0.016530752453280957
2021-12-01,422.4000549316406,131939200,-0.0111072141521672,False,-0.0111072141521672
2021-12-02,428.86962890625,127637800,0.01531622427382584,False,0.01531622427382584
2021-12-03,425.137939453125,137331600,-0.008701221074203791,False,-0.008701221074203791
2021-12-06,430.1729431152344,98977500,0.011843223563124283,False,0.011843223563124283
2021-12-07,439.0710144042969,95484700,0.020684869728496258,True,0.015596387768707738
2021-12-08,440.233642578125,72238800,0.0026479274096595784,False,0.0026479274096595784
2021-12-09,437.261474609375,61272600,-0.00675134219943796,False,-0.00675134219943796
2021-12-10,441.3775939941406,77159800,0.009413405076316828,False,0.009413405076316828
2021-12-13,437.4676818847656,87724700,-0.008858429069752205,False,-0.008858429069752205
2021-12-14,434.45794677734375,97264100,-0.006879902749512556,False,-0.006879902749512556
2021-12-15,441.2463073730469,116899300,0.01562489683076751,False,0.015596387768707738
2021-12-16,437.35516357421875,116568600,-0.008818529999704672,False,-0.008818529999704672
2021-12-17,432.70050048828125,135511600,-0.010642753244063607,False,-0.010642753244063607
2021-12-20,428.099365234375,107134800,-0.010633533468794476,False,-0.010633533468794476
2021-12-21,435.7019958496094,69806300,0.01775903267474388,False,0.015596387768707738
2021-12-22,440.0584411621094,58890200,0.00999868110313562,False,0.00999868110313562
2021-12-23,442.7965087890625,56439700,0.0062220545519418025,False,0.0062220545519418025
2021-12-27,449.0630187988281,56808600,0.014152121539763085,False,0.014152121539763085
2021-12-28,448.696044921875,47274600,-0.0008171990602449108,False,-0.0008171990602449108
2021-12-29,449.2701110839844,54503000,0.0012794099003241577,False,0.0012794099003241577
2021-12-30,448.0279846191406,55329000,-0.002764765414389081,False,-0.002764765414389081
2021-12-31,446.8989562988281,65237400,-0.0025199950875217647,False,-0.0025199950875217647
2022-01-03,449.4864807128906,72668200,0.005789954032321187,False,0.005789954032321187
2022-01-04,449.3359375,71178700,-0.0003349226714268738,False,-0.0003349226714268738
2022-01-05,440.7077331542969,104538900,-0.019202123902460233,True,-0.016530752453280957
2022-01-06,440.29364013671875,86858900,-0.0009396091478003354,False,-0.0009396091478003354
2022-01-07,438.55291748046875,85111600,-0.003953549398781897,False,-0.003953549398781897
2022-01-10,438.00726318359375,119362000,-0.0012442154073670775,False,-0.0012442154073670775
2022-01-11,441.9967041015625,74303100,0.009108161561002692,False,0.009108161561002692
2022-01-12,443.1917419433594,67605400,0.002703725685525127,False,0.002703725685525127
2022-01-13,437.08514404296875,91173100,-0.013778681600910891,False,-0.013778681600910891
2022-01-14,437.2639465332031,95890900,0.0004090793125122172,False,0.0004090793125122172
2022-01-18,429.5201721191406,109709100,-0.017709611038042583,False,-0.016530752453280957
2022-01-19,425.0602111816406,109357600,-0.01038358900699754,False,-0.01038358900699754
2022-01-20,420.3555603027344,122379700,-0.01106819870490261,False,-0.01106819870490261
2022-01-21,412.103759765625,202271200,-0.019630525479826022,True,-0.016530752453280957
2022-01-24,413.8538818359375,251783900,0.004246799571321125,False,0.004246799571321125
2022-01-25,408.8011169433594,167997300,-0.012209055210894881,False,-0.012209055210894881
2022-01-26,407.7755126953125,186391100,-0.002508809799042111,False,-0.002508809799042111
2022-01-27,405.761962890625,149878300,-0.004937887984931555,False,-0.004937887984931555
2022-01-28,415.8392639160156,164457400,0.0248354994972928,True,0.015596387768707738
2022-01-31,423.32891845703125,152251400,0.018010936414432077,False,0.015596387768707738
2022-02-01,426.1893005371094,123155400,0.006756878529593058,False,0.006756878529593058
2022-02-02,430.3294372558594,117361000,0.00971431407013812,False,0.00971431407013812
2022-02-03,420.2145080566406,118024400,-0.023505083137514426,True,-0.016530752453280957
2022-02-04,422.1903991699219,118454400,0.00470210113025149,False,0.00470210113025149
2022-02-07,420.83551025390625,84472900,-0.003209189310508953,False,-0.003209189310508953
2022-02-08,424.29803466796875,81012000,0.008227738224783954,False,0.008227738224783954
2022-02-09,430.5080871582031,92589900,0.014636062349649981,False,0.014636062349649981
2022-02-10,422.7738037109375,140103700,-0.017965477718014267,False,-0.016530752453280957
2022-02-11,414.4371643066406,153214600,-0.019718911936173034,True,-0.016530752453280957
2022-02-14,413.082275390625,123006300,-0.0032692263935412136,False,-0.0032692263935412136
2022-02-15,419.7439880371094,88482700,0.016126842141035436,False,0.015596387768707738
2022-02-16,420.2145080566406,84863600,0.001120969050043108,False,0.001120969050043108
2022-02-17,411.23809814453125,102259100,-0.02136149452245817,True,-0.016530752453280957
2022-02-18,408.57525634765625,132642900,-0.006475182646961675,False,-0.006475182646961675
2022-02-22,404.1905822753906,124391800,-0.010731619216154176,False,-0.010731619216154176
2022-02-23,397.0208740234375,132578000,-0.017738434704715922,False,-0.016530752453280957
2022-02-24,402.99566650390625,213942900,0.015049063843721289,False,0.015049063843721289
2022-02-25,411.8873291015625,121804500,0.022063916157694097,True,0.015596387768707738
2022-02-28,410.8335266113281,145615000,-0.002558472707895665,False,-0.002558472707895665
2022-03-01,404.5763244628906,137785900,-0.01523050516360891,False,-0.01523050516360891
2022-03-02,412.0190734863281,117726500,0.018396402788320332,False,0.015596387768707738
2022-03-03,409.9678649902344,105501700,-0.004978430922474741,False,-0.004978430922474741
2022-03-04,406.6369934082031,113978200,-0.008124713828754793,False,-0.008124713828754793
2022-03-07,394.6496887207031,137896600,-0.02947912974426925,True,-0.016530752453280957
2022-03-08,391.65753173828125,164772700,-0.007581804998050945,False,-0.007581804998050945
2022-03-09,402.15826416015625,116990800,0.026811005970624135,True,0.015596387768707738
2022-03-10,400.34222412109375,93972700,-0.004515734726613152,False,-0.004515734726613152
2022-03-11,395.2518615722656,95636300,-0.012715027898951847,False,-0.012715027898951847
2022-03-14,392.36334228515625,95729200,-0.007308047267934881,False,-0.007308047267934881
2022-03-15,400.991455078125,106219100,0.021990109327537866,True,0.015596387768707738
2022-03-16,409.8831787109375,144954800,0.02217434690991138,True,0.015596387768707738
2022-03-17,415.0111999511719,102676900,0.012510933618602671,False,0.012510933618602671
2022-03-18,419.55670166015625,106345500,0.010952720576020925,False,0.010952720576020925
2022-03-21,419.4339904785156,88349800,-0.00029247818269872994,False,-0.00029247818269872994
2022-03-22,424.3420104980469,74650400,0.011701531423173206,False,0.011701531423173206
2022-03-23,418.8771057128906,79426100,-0.012878538183721533,False,-0.012878538183721533
2022-03-24,425.1914978027344,64736900,0.015074569614152544,False,0.015074569614152544
2022-03-25,427.2679443359375,77101300,0.0048835561010358575,False,0.0048835561010358575
2022-03-28,430.30706787109375,68529800,0.007112921939135042,False,0.007112921939135042
2022-03-29,435.63031005859375,86581500,0.012370798866577548,False,0.012370798866577548
2022-03-30,432.9403991699219,79666900,-0.006174756040988272,False,-0.006174756040988272
2022-03-31,426.27691650390625,121699900,-0.015391224008643123,False,-0.015391224008643123
2022-04-01,427.4850158691406,89048800,0.0028340717464661047,False,0.0028340717464661047
2022-04-04,431.1471252441406,59601000,0.008566637985086833,False,0.008566637985086833
2022-04-05,425.7012023925781,74214500,-0.01263124008649874,False,-0.01263124008649874
2022-04-06,421.4444274902344,106898000,-0.009999442985876739,False,-0.009999442985876739
2022-04-07,423.5680236816406,78097200,0.005038852225553336,False,0.005038852225553336
2022-04-08,422.4353942871094,79272700,-0.002674020065741689,False,-0.002674020065741689
2022-04-11,415.2150573730469,89770500,-0.017092168439738264,False,-0.016530752453280957
2022-04-12,413.6766052246094,84363600,-0.0037051935403568104,False,-0.0037051935403568104
2022-04-13,418.4146423339844,74070400,0.011453480930599058,False,0.011453480930599058
2022-04-14,413.2046813964844,97869500,-0.012451669732297166,False,-0.012451669732297166
2022-04-18,413.3746032714844,66002500,0.000411229307532901,False,0.000411229307532901
2022-04-19,420.0475769042969,77821000,0.01614267925509205,False,0.015596387768707738
2022-04-20,419.7360534667969,65224400,-0.0007416384586619307,False,-0.0007416384586619307
2022-04-21,413.4595642089844,85417300,-0.014953419431025794,False,-0.014953419431025794
2022-04-22,402.1145935058594,132471800,-0.02743912992998432,True,-0.016530752453280957
2022-04-25,404.4458312988281,119647700,0.0057974463762773265,False,0.0057974463762773265
2022-04-26,392.7326965332031,103996300,-0.02896094818930317,True,-0.016530752453280957
2022-04-27,393.8370056152344,122030000,0.0028118592920309826,False,0.0028118592920309826
2022-04-28,403.78509521484375,105449100,0.025259407972770154,True,0.015596387768707738
2022-04-29,388.8630065917969,145491100,-0.03695552114202538,True,-0.016530752453280957
2022-05-02,391.2036437988281,158312500,0.006019181993025979,False,0.006019181993025979
2022-05-03,392.9969787597656,100028200,0.004584146874305972,False,0.004584146874305972
2022-05-04,404.9649353027344,144247900,0.030453049742869887,True,0.015596387768707738
2022-05-05,390.57135009765625,172929100,-0.03554279383304659,True,-0.016530752453280957
2022-05-06,388.2400817871094,151770800,-0.005968866661530514,False,-0.005968866661530514
2022-05-09,375.80963134765625,155586100,-0.03201743205450214,True,-0.016530752453280957
2022-05-10,376.6779479980469,132497200,0.0023105226102824172,False,0.0023105226102824172
2022-05-11,370.6940002441406,142361000,-0.015886111161297123,False,-0.015886111161297123
2022-05-12,370.30706787109375,125090800,-0.0010438053294415939,False,-0.0010438053294415939
2022-05-13,379.16033935546875,104174400,0.023907919271626943,True,0.015596387768707738
2022-05-16,377.6217956542969,78622400,-0.004057765387031842,False,-0.004057765387031842
2022-05-17,385.3896179199219,83029700,0.0205703758496405,True,0.015596387768707738
2022-05-18,369.8538818359375,117674500,-0.04031176596773933,True,-0.016530752453280957
2022-05-19,367.5887451171875,98510700,-0.006124409746643633,False,-0.006124409746643633
2022-05-20,367.74920654296875,131432200,0.0004365243166792876,False,0.0004365243166792876
2022-05-23,374.6297912597656,76414900,0.01870999201188739,False,0.015596387768707738
2022-05-24,371.76995849609375,91448800,-0.007633756925884416,False,-0.007633756925884416
2022-05-25,375.05450439453125,91472900,0.008834887874545672,False,0.008834887874545672
2022-05-26,382.54864501953125,82168300,0.01998147079208712,False,0.015596387768707738
2022-05-27,391.9399108886719,84768700,0.02454920698689489,True,0.015596387768707738
2022-05-31,389.74072265625,95937000,-0.005611034169588636,False,-0.005611034169588636
2022-06-01,386.5882263183594,86585800,-0.008088701422846012,False,-0.008088701422846012
2022-06-02,393.95025634765625,79609600,0.019043596074843183,False,0.015596387768707738
2022-06-03,387.4849548339844,71874300,-0.01641146670042104,False,-0.01641146670042104
2022-06-06,388.66473388671875,57508900,0.003044709318429817,False,0.003044709318429817
2022-06-07,392.3929748535156,59272400,0.009592434408735251,False,0.009592434408735251
2022-06-08,388.12677001953125,64350000,-0.010872276282665294,False,-0.010872276282665294
2022-06-09,378.8960266113281,86289800,-0.023782805313167676,True,-0.016530752453280957
2022-06-10,367.90960693359375,132893900,-0.028995869331203794,True,-0.016530752453280957
2022-06-13,353.9407958984375,170004900,-0.0379680518581228,True,-0.016530752453280957
2022-06-14,352.8742980957031,104011800,-0.0030132095963314454,False,-0.0030132095963314454
2022-06-15,357.905029296875,125666800,0.01425643983798297,False,0.01425643983798297
2022-06-16,346.05975341796875,134473300,-0.033096142577758614,True,-0.016530752453280957
2022-06-17,346.80572509765625,111113900,0.0021556152436672527,False,0.0021556152436672527
2022-06-21,355.5361022949219,76811900,0.025173682455234214,True,0.015596387768707738
2022-06-22,354.8916015625,90059400,-0.0018127574900600463,False,-0.0018127574900600463
2022-06-23,358.3703308105469,79292100,0.009802230407061963,False,0.009802230407061963
2022-06-24,369.7643127441406,98050300,0.03179387620572083,True,0.015596387768707738
2022-06-27,368.3519287109375,66009600,-0.0038196872562453743,False,-0.0038196872562453743
2022-06-28,360.8254089355469,86548900,-0.02043295877866036,True,-0.016530752453280957
2022-06-29,360.5316162109375,65676000,-0.0008142240466825212,False,-0.0008142240466825212
2022-06-30,357.6025390625,112508300,-0.008124328121958069,False,-0.008124328121958069
2022-07-01,361.38470458984375,74839700,0.010576450428062323,False,0.010576450428062323
2022-07-05,362.0672607421875,81438000,0.0018887245189815882,False,0.0018887245189815882
2022-07-06,363.2900695800781,70426200,0.0033772974540255962,False,0.0033772974540255962
2022-07-07,368.7311706542969,64525900,0.014977290957906009,False,0.014977290957906009
2022-07-08,368.4278564453125,72397800,-0.0008225890109755385,False,-0.0008225890109755385
2022-07-11,364.21905517578125,58366900,-0.011423678193442921,False,-0.011423678193442921
2022-07-12,360.99615478515625,62219200,-0.00884879674697292,False,-0.00884879674697292
2022-07-13,359.1002197265625,84224600,-0.005251953610758253,False,-0.005251953610758253
2022-07-14,358.2281799316406,89704800,-0.0024284022872107514,False,-0.0024284022872107514
2022-07-15,365.0721740722656,79060400,0.019105124956755315,False,0.015596387768707738
2022-07-18,362.0577697753906,63203600,-0.00825700919149841,False,-0.00825700919149841
2022-07-19,371.8402404785156,78506000,0.02701908789084606,True,0.015596387768707738
2022-07-20,374.2100830078125,71843800,0.0063732815099495355,False,0.0063732815099495355
2022-07-21,378.020751953125,64903900,0.01018323428028256,False,0.01018323428028256
2022-07-22,374.5133972167969,72197300,-0.009278206866174976,False,-0.009278206866174976
2022-07-25,374.9684143066406,53631500,0.0012149554414480068,False,0.0012149554414480068
2022-07-26,370.53216552734375,52946400,-0.0118309932517916,False,-0.0118309932517916
2022-07-27,380.153564453125,82342100,0.02596643374290597,True,0.015596387768707738
2022-07-28,384.9215393066406,73966600,0.012542233716457796,False,0.012542233716457796
2022-07-29,390.533203125,87003700,0.014578721233599046,False,0.014578721233599046
2022-08-01,389.3768005371094,69997500,-0.0029610864803228942,False,-0.0029610864803228942
2022-08-02,386.8079528808594,63435400,-0.006597331049786548,False,-0.006597331049786548
2022-08-03,392.8651123046875,67820600,0.015659345622849097,False,0.015596387768707738
2022-08-04,392.5997619628906,45656600,-0.0006754235321131397,False,-0.0006754235321131397
2022-08-05,391.93621826171875,56814900,-0.0016901276196764625,False,-0.0016901276196764625
2022-08-08,391.4811706542969,53886100,-0.0011610246418155556,False,-0.0011610246418155556
2022-08-09,389.9266662597656,44931800,-0.003970828001594984,False,-0.003970828001594984
2022-08-10,398.1166687011719,68665700,0.02100395574369407,True,0.015596387768707738
2022-08-11,398.1166687011719,59489700,0.0,False,0.0
2022-08-12,404.8563537597656,61694500,0.01692891955662512,False,0.015596387768707738
2022-08-15,406.524658203125,54048300,0.004120731780213882,False,0.004120731780213882
2022-08-16,407.3208923339844,59289000,0.0019586367389836656,False,0.0019586367389836656
2022-08-17,404.42974853515625,63563400,-0.007097951156547877,False,-0.007097951156547877
2022-08-18,405.6052551269531,49023200,0.002906577955886114,False,0.002906577955886114
2022-08-19,400.1546630859375,68016900,-0.013438169185726156,False,-0.013438169185726156
2022-08-22,391.8223876953125,77695600,-0.02082263724322897,True,-0.016530752453280957
2022-08-23,390.87451171875,49105200,-0.0024191470582829444,False,-0.0024191470582829444
2022-08-24,392.12579345703125,49177800,0.0032012364602109766,False,0.0032012364602109766
2022-08-25,397.66168212890625,50942300,0.014117634606665153,False,0.014117634606665153
2022-08-26,384.2011413574219,103087000,-0.033849227563044426,True,-0.016530752453280957
2022-08-29,381.6607360839844,65370800,-0.00661217523837121,False,-0.00661217523837121
2022-08-30,377.4709167480469,85652400,-0.010977863164356338,False,-0.010977863164356338
2022-08-31,374.59869384765625,76029700,-0.007609123704509835,False,-0.007609123704509835
2022-09-01,375.77423095703125,78740100,0.0031381238874610418,False,0.0031381238874610418
2022-09-02,371.8117980957031,99632100,-0.010544716840312551,False,-0.010544716840312551
2022-09-06,370.40899658203125,76637400,-0.0037728805832858425,False,-0.0037728805832858425
2022-09-07,377.0633850097656,70964200,0.017964975173762276,False,0.015596387768707738
2022-09-08,379.5279846191406,80821700,0.006536300546156726,False,0.006536300546156726
2022-09-09,385.4239807128906,76706900,0.015535076022566985,False,0.015535076022566985
2022-09-12,389.56640625,69256300,0.010747710947947242,False,0.010747710947947242
2022-09-13,372.6271057128906,122947100,-0.04348244680584379,True,-0.016530752453280957
2022-09-14,374.0489501953125,85023700,0.003815730151196739,False,0.003815730151196739
2022-09-15,369.80230712890625,87633800,-0.011353174669221366,False,-0.011353174669221366
2022-09-16,366.9811096191406,103084800,-0.007628934312684521,False,-0.007628934312684521
2022-09-19,369.8270263671875,73278500,0.007754940713434522,False,0.007754940713434522
2022-09-20,365.5819396972656,77274900,-0.011478573406658144,False,-0.011478573406658144
2022-09-21,359.2048034667969,106746600,-0.01744379450404354,False,-0.016530752453280957
2022-09-22,356.1875305175781,89472600,-0.008399868042125558,False,-0.008399868042125558
2022-09-23,350.2196960449219,122346900,-0.016754754058864285,False,-0.016530752453280957
2022-09-26,346.75506591796875,92581200,-0.009892733521499997,False,-0.009892733521499997
2022-09-27,345.8698425292969,108294100,-0.0025528780274007845,False,-0.0025528780274007845
2022-09-28,352.67535400390625,110802200,0.019676510171692474,False,0.015596387768707738
2022-09-29,345.3083190917969,112952300,-0.020888998418720717,True,-0.016530752453280957
2022-09-30,339.9686584472656,153711200,-0.015463457870274366,False,-0.015463457870274366
2022-10-03,348.94427490234375,89756500,0.02640130562644316,True,0.015596387768707738
2022-10-04,359.7568054199219,103602800,0.030986410425000166,True,0.015596387768707738
2022-10-05,358.91925048828125,88065700,-0.0023281142122190124,False,-0.0023281142122190124
2022-10-06,355.2166748046875,82333500,-0.0103159016368074,False,-0.0103159016368074
2022-10-07,345.3083190917969,107789500,-0.027893836116614334,True,-0.016530752453280957
2022-10-10,342.6717224121094,76042800,-0.007635485547009324,False,-0.007635485547009324
2022-10-11,340.5016784667969,92482800,-0.006332719636266693,False,-0.006332719636266693
2022-10-12,339.37847900390625,76991800,-0.0032986605762066468,False,-0.0032986605762066468
2022-10-13,348.3350830078125,147254500,0.026391196136520856,True,0.015596387768707738
2022-10-14,340.39691162109375,123737000,-0.022788894297335882,True,-0.016530752453280957
2022-10-17,349.14410400390625,93168200,0.025697038028797525,True,0.015596387768707738
2022-10-18,353.24639892578125,97162900,0.011749575246526645,False,0.011749575246526645
2022-10-19,350.7431335449219,79746900,-0.007086456899410121,False,-0.007086456899410121
2022-10-20,347.8020935058594,88283100,-0.008385167827343443,False,-0.008385167827343443
2022-10-21,356.254150390625,131038400,0.024301339878574524,True,0.015596387768707738
2022-10-24,360.6134338378906,85436900,0.012236442557892246,False,0.012236442557892246
2022-10-25,366.3719482421875,78846300,0.015968663016823648,False,0.015596387768707738
2022-10-26,363.6116943359375,104087300,-0.007534020875488379,False,-0.007534020875488379
2022-10-27,361.6700134277344,81971800,-0.005339984765201811,False,-0.005339984765201811
2022-10-28,370.27435302734375,100302000,0.023790580584941434,True,0.015596387768707738
2022-10-31,367.5997314453125,96631300,-0.007223350902280101,False,-0.007223350902280101
2022-11-01,365.9912109375,85407600,-0.004375739072191909,False,-0.004375739072191909
2022-11-02,356.80621337890625,126990400,-0.025096224401307432,True,-0.016530752453280957
2022-11-03,353.1322937011719,87100100,-0.010296680775098821,False,-0.010296680775098821
2022-11-04,358.21490478515625,103505200,0.014392937645870907,False,0.014392937645870907
2022-11-07,361.6414489746094,68286900,0.00956561031849934,False,0.00956561031849934
2022-11-08,363.5926513671875,84641100,0.005395405858787727,False,0.005395405858787727
2022-11-09,356.10186767578125,78495500,-0.020602131707665894,True,-0.016530752453280957
2022-11-10,375.6711120605469,141455800,0.05495406275875747,True,0.015596387768707738
2022-11-11,379.3070373535156,93839900,0.009678479862414102,False,0.009678479862414102
2022-11-14,376.0804138183594,71903500,-0.00850662713159478,False,-0.00850662713159478
2022-11-15,379.2880554199219,93194500,0.008529137609148973,False,0.008529137609148973
2022-11-16,376.39453125,68508500,-0.00762883019534677,False,-0.00762883019534677
2022-11-17,375.24285888671875,74496300,-0.003059747864711415,False,-0.003059747864711415
2022-11-18,376.9465637207031,92922500,0.0045402725025573965,False,0.0045402725025573965
2022-11-21,375.575927734375,51243200,-0.003636154612471021,False,-0.003636154612471021
2022-11-22,380.6300964355469,60429000,0.013457115666759112,False,0.013457115666759112
2022-11-23,383.0286560058594,68261600,0.006301549963531716,False,0.006301549963531716
2022-11-25,382.9429626464844,30545400,-0.0002237257135500048,False,-0.0002237257135500048
2022-11-28,376.83233642578125,67881600,-0.015957014011886095,False,-0.015957014011886095
2022-11-29,376.18511962890625,52310000,-0.0017175192633779313,False,-0.0017175192633779313
2022-11-30,388.03515625,144566700,0.0315005458822597,True,0.015596387768707738
2022-12-01,387.7496337890625,76398200,-0.000735815959813535,False,-0.000735815959813535
2022-12-02,387.3023376464844,85342700,-0.0011535694778281869,False,-0.0011535694778281869
2022-12-05,380.3350830078125,77289800,-0.017989188190832284,False,-0.016530752453280957
2022-12-06,374.8525695800781,77972200,-0.014414955844664346,False,-0.014414955844664346
2022-12-07,374.21490478515625,65927900,-0.0017011082400640865,False,-0.0017011082400640865
2022-12-08,377.146484375,60737900,0.007833946623603483,False,0.007833946623603483
2022-12-09,374.3291015625,81447700,-0.007470261368520803,False,-0.007470261368520803
2022-12-12,379.72589111328125,75405800,0.014417232131443525,False,0.014417232131443525
2022-12-13,382.6003723144531,123782500,0.0075698846679757015,False,0.0075698846679757015
2022-12-14,380.1541748046875,108111300,-0.006393609851887749,False,-0.006393609851887749
2022-12-15,370.85498046875,117705900,-0.02446163938805923,True,-0.016530752453280957
2022-12-16,366.4765930175781,119858000,-0.011806198330241435,False,-0.011806198330241435
2022-12-19,363.36907958984375,79878100,-0.008479432211882965,False,-0.008479432211882965
2022-12-20,363.8661804199219,74427200,0.0013680328294285449,False,0.0013680328294285449
2022-12-21,369.30694580078125,78167400,0.014952654777040442,False,0.014952654777040442
2022-12-22,364.038330078125,100120900,-0.01426622429543567,False,-0.01426622429543567
2022-12-23,366.13238525390625,59857300,0.005752293104223094,False,0.005752293104223094
2022-12-27,364.6885986328125,51638200,-0.003943345847684299,False,-0.003943345847684299
2022-12-28,360.1562194824219,70911500,-0.01242808019604158,False,-0.01242808019604158
2022-12-29,366.6391296386719,66970900,0.018000272674914664,False,0.015596387768707738
2022-12-30,365.6734924316406,84022200,-0.002633753816683182,False,-0.002633753816683182
2023-01-03,364.134033203125,74850700,-0.004209928420784825,False,-0.004209928420784825
2023-01-04,366.9451599121094,85934100,0.007720032879805716,False,0.007720032879805716
2023-01-05,362.75701904296875,76970500,-0.011413533483160765,False,-0.011413533483160765
2023-01-06,371.0758361816406,104189600,0.022932201727257295,True,0.015596387768707738
2023-01-09,370.8654479980469,73978100,-0.0005669681587425757,False,-0.0005669681587425757
2023-01-10,373.4663391113281,65358100,0.007013031619205856,False,0.007013031619205856
2023-01-11,378.18988037109375,68881100,0.012647836672524226,False,0.012647836672524226
2023-01-12,379.5667724609375,90157700,0.00364074281546789,False,0.00364074281546789
2023-01-13,381.039306640625,63903900,0.003879512872373647,False,0.003879512872373647
2023-01-17,380.34124755859375,62677300,-0.0018319870676481997,False,-0.0018319870676481997
2023-01-18,374.33648681640625,99632300,-0.015787824172981524,False,-0.015787824172981524
2023-01-19,371.6112976074219,86958900,-0.007280052319134311,False,-0.007280052319134311
2023-01-20,378.5340881347656,91806400,0.018629117499697534,False,0.015596387768707738
2023-01-23,383.07598876953125,84178800,0.01199865686376067,False,0.01199865686376067
2023-01-24,382.6648254394531,59524900,-0.0010733205477033714,False,-0.0010733205477033714
2023-01-25,382.80828857421875,84800300,0.0003749054661632556,False,0.0003749054661632556
2023-01-26,387.0154113769531,72287400,0.010990155982264493,False,0.010990155982264493
2023-01-27,387.9046325683594,68346200,0.002297637678671638,False,0.002297637678671638
2023-01-30,383.0376892089844,74202000,-0.012546752347736723,False,-0.012546752347736723
2023-01-31,388.66961669921875,86811800,0.014703324630704007,False,0.014703324630704007
2023-02-01,392.8003234863281,101459200,0.010627809866357474,False,0.010627809866357474
2023-02-02,398.518310546875,101654500,0.01455698154674745,False,0.01455698154674745
2023-02-03,394.28240966796875,94736800,-0.010629124852741256,False,-0.010629124852741256
2023-02-06,391.8728332519531,60295300,-0.0061112957538348445,False,-0.0061112957538348445
2023-02-07,396.9979248046875,90990700,0.01307845586080525,False,0.01307845586080525
2023-02-08,392.65692138671875,76227500,-0.010934574582737167,False,-0.010934574582737167
2023-02-09,389.2528381347656,78694900,-0.008669357565202596,False,-0.008669357565202596
2023-02-10,390.1612854003906,70769700,0.002333823100630683,False,0.002333823100630683
2023-02-13,394.74139404296875,64913500,0.011739013618119243,False,0.011739013618119243
2023-02-14,394.5596923828125,88389300,-0.00046030556434750736,False,-0.00046030556434750736
2023-02-15,395.8410339355469,61555700,0.003247522687875426,False,0.003247522687875426
2023-02-16,390.3907775878906,76431500,-0.013768800807406167,False,-0.013768800807406167
2023-02-17,389.4154357910156,89257800,-0.002498373047901792,False,-0.002498373047901792
2023-02-21,381.6034851074219,82655900,-0.02006071142949284,True,-0.016530752453280957
2023-02-22,381.07757568359375,83742300,-0.0013781567631125924,False,-0.0013781567631125924
2023-02-23,383.10467529296875,96242400,0.005319388331204378,False,0.005319388331204378
2023-02-24,379.0121765136719,108194400,-0.010682455848828432,False,-0.010682455848828432
2023-02-27,380.3030700683594,80444700,0.003405942169356413,False,0.003405942169356413
2023-02-28,378.8974304199219,96438600,-0.003696103868382705,False,-0.003696103868382705
2023-03-01,377.4440612792969,99706800,-0.003835785159625571,False,-0.003835785159625571
2023-03-02,380.37945556640625,85127800,0.007777031322628858,False,0.007777031322628858
2023-03-03,386.48004150390625,90120000,0.016038158339587216,False,0.015596387768707738
2023-03-06,386.7477111816406,72795900,0.0006925834428417321,False,0.0006925834428417321
2023-03-07,380.8194274902344,108310600,-0.015328555334673921,False,-0.015328555334673921
2023-03-08,381.4408874511719,74746600,0.001631901935868152,False,0.001631901935868152
2023-03-09,374.4033508300781,111945300,-0.018449874810535727,True,-0.016530752453280957
2023-03-10,369.00091552734375,189253000,-0.01442945232930426,False,-0.01442945232930426
2023-03-13,368.4749755859375,157790000,-0.0014253079579886752,False,-0.0014253079579886752
2023-03-14,374.56591796875,149752400,0.016530138507036662,False,0.015596387768707738
2023-03-15,372.2232666015625,172996900,-0.0062543100020726605,False,-0.0062543100020726605
2023-03-16,378.75396728515625,143254200,0.01754511678761972,False,0.015596387768707738
2023-03-17,374.3253479003906,140553400,-0.01169260197195876,False,-0.01169260197195876
2023-03-20,377.9246826171875,93055800,0.009615524935689512,False,0.009615524935689512
2023-03-21,382.8870544433594,91524200,0.01313058409365242,False,0.01313058409365242
2023-03-22,376.3601379394531,111746600,-0.017046584438314527,False,-0.016530752453280957
2023-03-23,377.37762451171875,119351300,0.002703491867752872,False,0.002703491867752872
2023-03-24,379.8539733886719,107682400,0.006561991798420097,False,0.006561991798420097
2023-03-27,380.56427001953125,74010400,0.0018699202341436738,False,0.0018699202341436738
2023-03-28,379.71002197265625,62871700,-0.0022446879914164164,False,-0.0022446879914164164
2023-03-29,385.22900390625,77497900,0.014534728119425688,False,0.014534728119425688
2023-03-30,387.48468017578125,69840000,0.005855416509812361,False,0.005855416509812361
2023-03-31,392.9461364746094,112062600,0.014094638003109061,False,0.014094638003109061
2023-04-03,394.4435119628906,67391100,0.003810638022084145,False,0.003810638022084145
2023-04-04,392.25506591796875,66601500,-0.005548186187754434,False,-0.005548186187754434
2023-04-05,391.2280578613281,65200200,-0.0026182148960579577,False,-0.0026182148960579577
2023-04-06,392.754150390625,63743300,0.0039007747492327827,False,0.0039007747492327827
2023-04-10,393.1572265625,63681000,0.0010262811264352134,False,0.0010262811264352134
2023-04-11,393.2628479003906,59297900,0.00026864910716284385,False,0.00026864910716284385
2023-04-12,391.6598815917969,86420400,-0.004076068505204367,False,-0.004076068505204367
2023-04-13,396.8622741699219,85814800,0.013282934562971471,False,0.013282934562971471
2023-04-14,395.892822265625,78161500,-0.00244279178796869,False,-0.00244279178796869
2023-04-17,397.3133239746094,66436400,0.0035880966491261823,False,0.0035880966491261823
2023-04-18,397.5724792480469,63560000,0.0006522692741461888,False,0.0006522692741461888
2023-04-19,397.50531005859375,55227300,-0.00016894828731650602,False,-0.00016894828731650602
2023-04-20,395.3361511230469,75840400,-0.005456930714276775,False,-0.005456930714276775
2023-04-21,395.6432800292969,73457400,0.0007768803975491956,False,0.0007768803975491956
2023-04-24,396.05596923828125,64332100,0.0010430840856283652,False,0.0010430840856283652
2023-04-25,389.76904296875,97766700,-0.015873832886858508,False,-0.015873832886858508
2023-04-26,388.11810302734375,80447000,-0.004235687700674062,False,-0.004235687700674062
2023-04-27,395.8448181152344,92968400,0.019908154315971816,False,0.015596387768707738
2023-04-28,399.22344970703125,89433100,0.008535242694053258,False,0.008535242694053258
2023-05-01,398.8202819824219,62122300,-0.0010098798677914411,False,-0.0010098798677914411
2023-05-02,394.3377990722656,103998500,-0.011239355450718524,False,-0.011239355450718524
2023-05-03,391.63116455078125,91531800,-0.006863746077226396,False,-0.006863746077226396
2023-05-04,388.85723876953125,94901900,-0.007083005726655656,False,-0.007083005726655656
2023-05-05,396.05596923828125,87891800,0.01851252786634272,False,0.015596387768707738
2023-05-08,396.16156005859375,50046800,0.0002666058045168729,False,0.0002666058045168729
2023-05-09,394.42425537109375,49220100,-0.0043853439168682895,False,-0.0043853439168682895
2023-05-10,396.2671203613281,96142900,0.0046722912324459465,False,0.0046722912324459465
2023-05-11,395.5760803222656,70157100,-0.0017438742796334061,False,-0.0017438742796334061
2023-05-12,395.0577697753906,70481500,-0.0013102676644470845,False,-0.0013102676644470845
2023-05-15,396.4207458496094,54289400,0.003450067758428599,False,0.003450067758428599
2023-05-16,393.7716369628906,57705500,-0.006682568746600781,False,-0.006682568746600781
2023-05-17,398.551513671875,87287000,0.01213870238560344,False,0.01213870238560344
2023-05-18,402.390869140625,97177200,0.00963327283185511,False,0.00963327283185511
2023-05-19,401.8053894042969,103793300,-0.0014550025391444343,False,-0.0014550025391444343
2023-05-22,401.968505859375,60745400,0.0004059588531650782,False,0.0004059588531650782
2023-05-23,397.45733642578125,86383500,-0.011222693738031198,False,-0.011222693738031198
2023-05-24,394.57781982421875,89213700,-0.007244844509494142,False,-0.007244844509494142
2023-05-25,397.9947814941406,90961600,0.008659791549976426,False,0.008659791549976426
2023-05-26,403.1490783691406,93830000,0.012950664467634265,False,0.012950664467634265
2023-05-30,403.3027038574219,72216000,0.00038106372189350424,False,0.00038106372189350424
2023-05-31,401.06634521484375,110811800,-0.005545111949878612,False,-0.005545111949878612
2023-06-01,404.8768615722656,88865000,0.009500962628466558,False,0.009500962628466558
2023-06-02,410.7318420410156,91426200,0.014461138742315915,False,0.014461138742315915
2023-06-05,409.94476318359375,65460200,-0.001916284000555435,False,-0.001916284000555435
2023-06-06,410.83740234375,64022200,0.0021774620395784705,False,0.0021774620395784705
2023-06-07,409.4167785644531,85373300,-0.0034578735314566567,False,-0.0034578735314566567
2023-06-08,411.89324951171875,61952800,0.006048777375340819,False,0.006048777375340819
2023-06-09,412.63232421875,85742800,0.0017943355660898774,False,0.0017943355660898774
2023-06-12,416.3756408691406,76104300,0.009071796925938846,False,0.009071796925938846
2023-06-13,419.1207580566406,95899700,0.006592886129865416,False,0.006592886129865416
2023-06-14,419.61981201171875,100612100,0.0011907163877831195,False,0.0011907163877831195
2023-06-15,424.8221435546875,110303100,0.012397726213231097,False,0.012397726213231097
2023-06-16,423.3751220703125,114165800,-0.0034061818724115955,False,-0.0034061818724115955
2023-06-20,421.17852783203125,76160400,-0.005188293132435073,False,-0.005188293132435073
2023-06-21,419.0206298828125,76982300,-0.005123475691712676,False,-0.005123475691712676
2023-06-22,420.53314208984375,70637200,0.0036096366125319967,False,0.0036096366125319967
2023-06-23,417.3539123535156,92074500,-0.007559998055156614,False,-0.007559998055156614
2023-06-26,415.6486511230469,72823600,-0.0040858877321948706,False,-0.0040858877321948706
2023-06-27,420.20556640625,72813700,0.010963382825592616,False,0.010963382825592616
2023-06-28,420.41754150390625,75636000,0.0005044557107349856,False,0.0005044557107349856
2023-06-29,422.0745544433594,67882300,0.003941350623776874,False,0.003941350623776874
2023-06-30,427.0553283691406,104964000,0.011800696993804705,False,0.011800696993804705
2023-07-03,427.5466613769531,32793400,0.0011505137043690272,False,0.0011505137043690272
2023-07-05,426.91082763671875,58418400,-0.0014871680629819917,False,-0.0014871680629819917
2023-07-06,423.5678405761719,80658300,-0.007830644818855759,False,-0.007830644818855759
2023-07-07,422.49847412109375,86134200,-0.002524663944324712,False,-0.002524663944324712
2023-07-10,423.5678405761719,62443500,0.002531054005112443,False,0.002531054005112443
2023-07-11,426.26531982421875,64463800,0.006368470383345315,False,0.006368470383345315
2023-07-12,429.69500732421875,91924500,0.008045898506156446,False,0.008045898506156446
2023-07-13,433.1054382324219,72425200,0.007936864171265157,False,0.007936864171265157
2023-07-14,432.83575439453125,69815800,-0.000622674790211053,False,-0.000622674790211053
2023-07-17,434.3385925292969,52680200,0.003472074844805384,False,0.003472074844805384
2023-07-18,437.5660095214844,80668200,0.007430647535585422,False,0.007430647535585422
2023-07-19,438.5390319824219,65891700,0.0022237158274738267,False,0.0022237158274738267
2023-07-20,435.62957763671875,70591600,-0.006634425064858895,False,-0.006634425064858895
2023-07-21,435.62957763671875,71275600,0.0,False,0.0
2023-07-24,437.57562255859375,54023400,0.004467201084995764,False,0.004467201084995764
2023-07-25,438.770263671875,55191200,0.002730136350594492,False,0.002730136350594492
2023-07-26,438.837646484375,71052900,0.000153571967106636,False,0.000153571967106636
2023-07-27,435.9281921386719,92194400,-0.006629910558064944,False,-0.006629910558064944
2023-07-28,440.19610595703125,80011800,0.00979040561111888,False,0.00979040561111888
2023-07-31,441.03424072265625,62040400,0.001904003134700183,False,0.001904003134700183
2023-08-01,439.7721862792969,55291500,-0.002861579276229098,False,-0.002861579276229098
2023-08-02,433.65460205078125,93933400,-0.013910802955215518,False,-0.013910802955215518
2023-08-03,432.4118347167969,64276100,-0.0028657999433356895,False,-0.0028657999433356895
2023-08-04,430.4560852050781,100128900,-0.0045228861809475385,False,-0.0045228861809475385
2023-08-07,434.2134094238281,58357500,0.008728705082563515,False,0.008728705082563515
2023-08-08,432.32513427734375,71361300,-0.004348726007771142,False,-0.004348726007771142
2023-08-09,429.4349060058594,78789600,-0.006685311684030526,False,-0.006685311684030526
2023-08-10,429.58905029296875,93005500,0.00035894680416892477,False,0.00035894680416892477
2023-08-11,429.3385925292969,68690900,-0.0005830171032084053,False,-0.0005830171032084053
2023-08-14,431.70855712890625,47867400,0.005520036262399719,False,0.005520036262399719
2023-08-15,426.67962646484375,75707500,-0.011648901975693016,False,-0.011648901975693016
2023-08-16,423.5485534667969,80107200,-0.007338229443924149,False,-0.007338229443924149
2023-08-17,420.3211669921875,95711300,-0.007619873679635569,False,-0.007619873679635569
2023-08-18,420.52349853515625,98852000,0.0004813736705591154,False,0.0004813736705591154
2023-08-21,423.259521484375,68719000,0.0065062308259808965,False,0.0065062308259808965
2023-08-22,422.1130676269531,64994200,-0.0027086309916933837,False,-0.0027086309916933837
2023-08-23,426.8144836425781,68441000,0.011137812060772134,False,0.011137812060772134
2023-08-24,420.89923095703125,88517300,-0.013859072061154332,False,-0.013859072061154332
2023-08-25,423.8664855957031,102325100,0.007049798194985968,False,0.007049798194985968
2023-08-28,426.55438232421875,61595400,0.006341375928172299,False,0.006341375928172299
2023-08-29,432.7200927734375,83081900,0.014454687853921122,False,0.014454687853921122
2023-08-30,434.5024108886719,69053900,0.00411887070880157,False,0.00411887070880157
2023-08-31,433.8665466308594,66084600,-0.0014634309082703911,False,-0.0014634309082703911
2023-09-01,434.6758117675781,58944100,0.0018652397678571297,False,0.0018652397678571297
2023-09-05,432.7972106933594,55166200,-0.004321844057941782,False,-0.004321844057941782
2023-09-06,429.8877868652344,70758500,-0.006722371947508576,False,-0.006722371947508576
2023-09-07,428.5679016113281,70355400,-0.0030703018188326103,False,-0.0030703018188326103
2023-09-08,429.2132873535156,61659700,0.0015059124581215944,False,0.0015059124581215944
2023-09-11,432.0361633300781,60180100,0.006576860641868798,False,0.006576860641868798
2023-09-12,429.6661071777344,67565400,-0.005485781870840811,False,-0.005485781870840811
2023-09-13,430.1671447753906,60199300,0.0011661091933625745,False,0.0011661091933625745
2023-09-14,433.8761291503906,83430800,0.008622193535809508,False,0.008622193535809508
2023-09-15,428.64874267578125,111848900,-0.012048108027619686,False,-0.012048108027619686
2023-09-18,428.9001159667969,55752200,0.0005864318869721608,False,0.0005864318869721608
2023-09-19,428.0106201171875,66514600,-0.0020738997647606894,False,-0.0020738997647606894
2023-09-20,424.07574462890625,82562600,-0.009193406199135667,False,-0.009193406199135667
2023-09-21,417.0664978027344,104095800,-0.016528289851392985,False,-0.016528289851392985
2023-09-22,416.1286926269531,100829700,-0.002248574701449235,False,-0.002248574701449235
2023-09-25,417.87860107421875,70874500,0.004205209778298968,False,0.004205209778298968
2023-09-26,411.73944091796875,96168400,-0.014691252771662389,False,-0.014691252771662389
2023-09-27,411.9037780761719,104705800,0.0003991290167313366,False,0.0003991290167313366
2023-09-28,414.29180908203125,92258300,0.00579754576909397,False,0.00579754576909397
2023-09-29,413.2862854003906,115111300,-0.0024270904217696954,False,-0.0024270904217696954
2023-10-02,413.1219787597656,83798600,-0.00039756131870138933,False,-0.00039756131870138933
2023-10-03,407.5918884277344,103760600,-0.013386095672356046,False,-0.013386095672356046
2023-10-04,410.5599670410156,87453000,0.007281986461336265,False,0.007281986461336265
2023-10-05,410.4052734375,70142700,-0.0003767868665581764,False,-0.0003767868665581764
2023-10-06,415.2779235839844,113273300,0.01187277664751174,False,0.01187277664751174
2023-10-09,417.9366455078125,80374400,0.006402271281079619,False,0.006402271281079619
2023-10-10,420.11187744140625,78607300,0.0052046930006597325,False,0.0052046930006597325
2023-10-11,421.8327941894531,62451700,0.004096329669438736,False,0.004096329669438736
2023-10-12,419.2611389160156,81154200,-0.006096385366099577,False,-0.006096385366099577
2023-10-13,417.1728210449219,95143100,-0.004980947856252582,False,-0.004980947856252582
2023-10-16,421.5621337890625,75433200,0.010521569293863386,False,0.010521569293863386
2023-10-17,421.5427551269531,75324700,-4.596869727169217e-05,False,-4.596869727169217e-05
2023-10-18,415.9256591796875,93559800,-0.013325091889134666,False,-0.013325091889134666
2023-10-19,412.271240234375,121323000,-0.008786231059944583,False,-0.008786231059944583
2023-10-20,407.205078125,123919900,-0.012288419891950064,False,-0.012288419891950064
2023-10-23,406.4993896484375,92035100,-0.0017330050985903123,False,-0.0017330050985903123
2023-10-24,409.56414794921875,78564200,0.0075393921339754755,False,0.0075393921339754755
2023-10-25,403.68603515625,94223200,-0.014352117543495413,False,-0.014352117543495413
2023-10-26,398.8520202636719,115156800,-0.011974689416013762,False,-0.011974689416013762
2023-10-27,397.04412841796875,107367700,-0.004532738343679399,False,-0.004532738343679399
2023-10-30,401.79107666015625,86562700,0.011955719534505693,False,0.011955719534505693
2023-10-31,404.314453125,79665200,0.006280319826460712,False,0.006280319826460712
2023-11-01,408.6263427734375,98068100,0.01066469332251252,False,0.01066469332251252
2023-11-02,416.4573669433594,94938900,0.019164266593218127,False,0.015596387768707738
2023-11-03,420.2569274902344,100167800,0.009123528237145573,False,0.009123528237145573
2023-11-06,421.2237243652344,67831700,0.002300490037781655,False,0.002300490037781655
2023-11-07,422.4224853515625,64256100,0.002845900923872602,False,0.002845900923872602
2023-11-08,422.73187255859375,61746000,0.0007324117862090862,False,0.0007324117862090862
2023-11-09,419.4351501464844,83174400,-0.007798613319965453,False,-0.007798613319965453
2023-11-10,425.9803466796875,89462200,0.015604787846028811,False,0.015596387768707738
2023-11-13,425.5743103027344,52236100,-0.0009531810096826687,False,-0.0009531810096826687
2023-11-14,433.8307189941406,97176900,0.019400627555580252,False,0.015596387768707738
2023-11-15,434.74920654296875,77327600,0.002117156551195043,False,0.002117156551195043
2023-11-16,435.2809753417969,66665800,0.001223162206681394,False,0.001223162206681394
2023-11-17,435.8223571777344,83133200,0.0012437525796122895,False,0.0012437525796122895
2023-11-20,439.1770935058594,69936200,0.0076974856220073384,False,0.0076974856220073384
2023-11-21,438.219970703125,49244600,-0.0021793550184820987,False,-0.0021793550184820987
2023-11-22,439.9118957519531,59394900,0.00386090356884794,False,0.00386090356884794
2023-11-24,440.1826171875,29737400,0.0006153992155273347,False,0.0006153992155273347
2023-11-27,439.38983154296875,50506000,-0.0018010380546071847,False,-0.0018010380546071847
2023-11-28,439.8248596191406,62115000,0.0009900731535916751,False,0.0009900731535916751
2023-11-29,439.5154724121094,63146000,-0.0007034327420673003,False,-0.0007034327420673003
2023-11-30,441.2460632324219,79752700,0.003937496923179573,False,0.003937496923179573
2023-12-01,443.8564758300781,89183400,0.005916002011515431,False,0.005916002011515431
2023-12-04,441.52642822265625,72430900,-0.005249551903155902,False,-0.005249551903155902
2023-12-05,441.439453125,69793500,-0.0001969872970150055,False,-0.0001969872970150055
2023-12-06,439.6605529785156,69124700,-0.004029771543733407,False,-0.004029771543733407
2023-12-07,443.01531982421875,66995400,0.007630356698994145,False,0.007630356698994145
2023-12-08,444.9198913574219,83194400,0.004299109868161732,False,0.004299109868161732
2023-12-11,446.6504211425781,65002200,0.003889531169030347,False,0.003889531169030347
2023-12-12,448.69036865234375,68327600,0.004567212775815177,False,0.004567212775815177
2023-12-13,454.8779296875,93278000,0.013790269342622175,False,0.013790269342622175
2023-12-14,456.3377990722656,119026000,0.0032093651713736016,False,0.0032093651713736016
2023-12-15,455.5863952636719,141553700,-0.001646595592390887,False,-0.001646595592390887
2023-12-18,458.14910888671875,70375300,0.005625088127497069,False,0.005625088127497069
2023-12-19,460.93505859375,55761800,0.00608087989912498,False,0.00608087989912498
2023-12-20,454.5477294921875,102921000,-0.013857329752805847,False,-0.013857329752805847
2023-12-21,458.8577880859375,86667500,0.009482081449543545,False,0.009482081449543545
2023-12-22,459.7799072265625,67160400,0.0020095967957121097,False,0.0020095967957121097
2023-12-26,461.7213439941406,55387000,0.004222535037011754,False,0.004222535037011754
2023-12-27,462.5561828613281,68000300,0.001808101093975223,False,0.001808101093975223
2023-12-28,462.73089599609375,77158100,0.00037771224607752174,False,0.00037771224607752174
2023-12-29,461.3913269042969,122283100,-0.00289492035951755,False,-0.00289492035951755
2024-01-02,458.8091735839844,123623700,-0.005596449629076128,False,-0.005596449629076128
2024-01-03,455.062255859375,103585900,-0.008166614663216887,False,-0.008166614663216887
2024-01-04,453.5964660644531,84232200,-0.003221075305737564,False,-0.003221075305737564
2024-01-05,454.2177429199219,86118900,0.0013696686415112236,False,0.0013696686415112236
2024-01-08,460.7021179199219,74879100,0.014275917445046193,False,0.014275917445046193
2024-01-09,460.0032043457031,65931400,-0.0015170617781710138,False,-0.0015170617781710138
2024-01-10,462.6047058105469,67310600,0.0056553985717209265,False,0.0056553985717209265
2024-01-11,462.4008483886719,77940700,-0.000440673039669659,False,-0.000440673039669659
2024-01-12,462.7211608886719,58026400,0.0006927160733294357,False,0.0006927160733294357
2024-01-16,461.0224609375,85014900,-0.0036711092873069617,False,-0.0036711092873069617
2024-01-17,458.459716796875,68843900,-0.005558827080601625,False,-0.005558827080601625
2024-01-18,462.5367431640625,91856200,0.008892878082446432,False,0.008892878082446432
2024-01-19,468.30279541015625,110834500,0.012466149622298195,False,0.012466149622298195
2024-01-22,469.2929382324219,75844900,0.00211432182760829,False,0.00211432182760829
2024-01-23,470.66168212890625,49945300,0.0029166087638985427,False,0.0029166087638985427
2024-01-24,471.1761474609375,81765000,0.0010930682304626238,False,0.0010930682304626238
2024-01-25,473.73883056640625,72525000,0.005438906700346413,False,0.005438906700346413
2024-01-26,473.1369934082031,76641600,-0.0012703986234009479,False,-0.0012703986234009479
2024-01-29,476.8839111328125,61322800,0.007919308311993944,False,0.007919308311993944
2024-01-30,476.51507568359375,58618400,-0.0007734281669150578,False,-0.0007734281669150578
2024-01-31,468.7397155761719,126011100,-0.016317133505729275,False,-0.016317133505729275
2024-02-01,474.87457275390625,91891600,0.013087982464198511,False,0.013087982464198511
2024-02-02,479.8738098144531,99228200,0.010527489462228257,False,0.010527489462228257
2024-02-05,478.1264343261719,75757100,-0.0036413228906092554,False,-0.0036413228906092554
2024-02-06,479.51458740234375,55918600,0.002903317985603948,False,0.002903317985603948
2024-02-07,483.5139465332031,70556500,0.008340432670724374,False,0.008340432670724374
2024-02-08,483.72747802734375,52343600,0.00044162427096816614,False,0.00044162427096816614
2024-02-09,486.523193359375,63979400,0.005779525577980893,False,0.005779525577980893
2024-02-12,486.3096008300781,56502300,-0.0004390181849750485,False,-0.0004390181849750485
2024-02-13,479.6116943359375,113099200,-0.013772926717276479,False,-0.013772926717276479
2024-02-14,483.97021484375,68387800,0.009087602657076976,False,0.009087602657076976
2024-02-15,487.3094787597656,61683000,0.0068997302180955344,False,0.0068997302180955344
2024-02-16,484.8826904296875,75532900,-0.004979973581171526,False,-0.004979973581171526
2024-02-20,482.2131652832031,71736700,-0.00550550720653431,False,-0.00550550720653431
2024-02-21,482.6500244140625,59293400,0.0009059460883917847,False,0.0009059460883917847
2024-02-22,492.6387023925781,76402500,0.02069548839377333,True,0.015596387768707738
2024-02-23,492.97845458984375,61321800,0.0006896579493562704,False,0.0006896579493562704
2024-02-26,491.17291259765625,50386700,-0.0036625170438527865,False,-0.0036625170438527865
2024-02-27,492.0853576660156,48854500,0.0018576860509953441,False,0.0018576860509953441
2024-02-28,491.4349670410156,56506600,-0.0013217028608305537,False,-0.0013217028608305537
2024-02-29,493.2016906738281,83924800,0.0035950303728897737,False,0.0035950303728897737
2024-03-01,497.8320007324219,76844800,0.009388268828250945,False,0.009388268828250945
2024-03-04,497.29815673828125,49799300,-0.001072337642729293,False,-0.001072337642729293
2024-03-05,492.3280944824219,72855600,-0.009994129655451434,False,-0.009994129655451434
2024-03-06,494.8227844238281,68382400,0.005067128951941946,False,0.005067128951941946
2024-03-07,499.734619140625,58652100,0.009926452199480407,False,0.009926452199480407
2024-03-08,496.73516845703125,86532500,-0.0060020870452237585,False,-0.0060020870452237585
2024-03-11,496.3079833984375,62557200,-0.0008599855329766148,False,-0.0008599855329766148
2024-03-12,501.6469421386719,73114400,0.010757350110865094,False,0.010757350110865094
2024-03-13,500.86065673828125,55104100,-0.0015674079404101038,False,-0.0015674079404101038
2024-03-14,499.8705139160156,110171800,-0.0019768828095096946,False,-0.0019768828095096946
2024-03-15,496.4382019042969,107646300,-0.006866402230509272,False,-0.006866402230509272
2024-03-18,499.38848876953125,88893300,0.005942908611620279,False,0.005942908611620279
2024-03-19,502.1636657714844,60755300,0.005557150523815668,False,0.005557150523815668
2024-03-20,506.808349609375,69594600,0.009249342703349317,False,0.009249342703349317
2024-03-21,508.483154296875,60256100,0.003304611474516772,False,0.003304611474516772
2024-03-22,507.5191955566406,79070800,-0.0018957535408765658,False,-0.0018957535408765658
2024-03-25,506.1170349121094,48512100,-0.002762773618825154,False,-0.002762773618825154
2024-03-26,505.1822204589844,65463700,-0.001847032185524733,False,-0.001847032185524733
2024-03-27,509.4276428222656,82999800,0.008403744612041297,False,0.008403744612041297
2024-03-28,509.3303527832031,96294900,-0.00019097911240839593,False,-0.00019097911240839593
2024-04-01,508.4442138671875,62477500,-0.0017398117178240025,False,-0.0017398117178240025
2024-04-02,505.2115173339844,74230300,-0.006358016169788816,False,-0.006358016169788816
2024-04-03,505.7664489746094,59155800,0.0010984144691581488,False,0.0010984144691581488
2024-04-04,499.5929870605469,96858100,-0.012206151528197595,False,-0.012206151528197595
2024-04-05,504.8122253417969,74546500,0.01044698067512595,False,0.01044698067512595
2024-04-08,505.0946350097656,48401800,0.0005594350805937509,False,0.0005594350805937509
2024-04-09,505.6788330078125,68049200,0.00115661097456643,False,0.00115661097456643
2024-04-10,500.6153869628906,82652800,-0.010013165895839782,False,-0.010013165895839782
2024-04-11,504.3934631347656,70099000,0.007546863860489195,False,0.007546863860489195
2024-04-12,497.43133544921875,92561100,-0.013802969694091227,False,-0.013802969694091227
2024-04-15,491.199462890625,92101400,-0.012528106121352134,False,-0.012528106121352134
2024-04-16,490.3036193847656,73484000,-0.0018237876332101166,False,-0.0018237876332101166
2024-04-17,487.4018859863281,75910300,-0.005918237768831047,False,-0.005918237768831047
2024-04-18,486.39892578125,74548100,-0.0020577684122999873,False,-0.0020577684122999873
2024-04-19,482.15350341796875,102212600,-0.008728272490450717,False,-0.008728272490450717
2024-04-22,486.5937194824219,67961000,0.009209133674185965,False,0.009209133674185965
2024-04-23,492.3679504394531,64633600,0.011866636838578914,False,0.011866636838578914
2024-04-24,492.1342468261719,55928100,-0.00047465236734567373,False,-0.00047465236734567373
2024-04-25,490.2646484375,69122400,-0.0037989601429470055,False,-0.0037989601429470055
2024-04-26,494.90936279296875,64306100,0.009473892050490873,False,0.009473892050490873
2024-04-29,496.6620788574219,46415400,0.003541489000252307,False,0.003541489000252307
2024-04-30,488.7943115234375,77483600,-0.015841288612338356,False,-0.015841288612338356
2024-05-01,487.2071533203125,80242800,-0.0032470881221556835,False,-0.0032470881221556835
2024-05-02,491.76422119140625,62550200,0.009353450252192363,False,0.009353450252192363
2024-05-03,497.85980224609375,72756700,0.012395332543550186,False,0.012395332543550186
2024-05-06,503.0010681152344,47264700,0.010326734245154512,False,0.010326734245154512
2024-05-07,503.55615234375,52561300,0.0011035448306213613,False,0.0011035448306213613
2024-05-08,503.6048278808594,42047200,9.666357343229848e-05,False,9.666357343229848e-05
2024-05-09,506.5065002441406,43643700,0.005761804102417667,False,0.005761804102417667
2024-05-10,507.1589050292969,52233200,0.0012880481984767211,False,0.0012880481984767211
2024-05-13,507.2270812988281,36716400,0.00013442782696926336,False,0.00013442782696926336
2024-05-14,509.5543212890625,57535900,0.0045881619417385,False,0.0045881619417385
2024-05-15,515.864013671875,59504900,0.012382766898827002,False,0.012382766898827002
2024-05-16,514.802734375,50244800,-0.002057284999046338,False,-0.002057284999046338
2024-05-17,515.542724609375,59187600,0.001437424832782641,False,0.001437424832782641
2024-05-20,516.1367797851562,37764200,0.0011522908721703917,False,0.0011522908721703917
2024-05-21,517.4025268554688,33437000,0.0024523481369402855,False,0.0024523481369402855
2024-05-22,515.912841796875,48390000,-0.002879160771879774,False,-0.002879160771879774
2024-05-23,512.1443481445312,57211200,-0.007304516086900303,False,-0.007304516086900303
2024-05-24,515.5330810546875,41291100,0.006616753504033346,False,0.006616753504033346
2024-05-28,515.8933715820312,36269600,0.0006988698506149582,False,0.0006988698506149582
2024-05-29,512.2807006835938,45190300,-0.007002747268023524,False,-0.007002747268023524
2024-05-30,508.88238525390625,46377600,-0.006633697941680672,False,-0.006633697941680672
2024-05-31,513.5174560546875,90785800,0.009108334135929264,False,0.009108334135929264
2024-06-03,513.93603515625,46835700,0.000815121465934876,False,0.000815121465934876
2024-06-04,514.5105590820312,34632700,0.0011178899444297397,False,0.0011178899444297397
2024-06-05,520.6256713867188,47610400,0.011885299916094771,False,0.011885299916094771
2024-06-06,520.6158447265625,30808500,-1.8874713054506387e-05,False,-1.8874713054506387e-05
2024-06-07,519.9830322265625,43224500,-0.001215507569371721,False,-0.001215507569371721
2024-06-10,521.5896606445312,35686100,0.003089770854808771,False,0.003089770854808771
2024-06-11,522.845703125,36383400,0.002408104637113828,False,0.002408104637113828
2024-06-12,527.1399536132812,63251300,0.008213227081364405,False,0.008213227081364405
2024-06-13,528.2012329101562,44760900,0.002013278048079048,False,0.002013278048079048
2024-06-14,528.522705078125,40089900,0.0006086168451322482,False,0.0006086168451322482
2024-06-17,532.7291870117188,55839500,0.00795894271556774,False,0.00795894271556774
2024-06-18,534.0826416015625,41376400,0.002540605288468889,False,0.002540605288468889
2024-06-20,532.6317749023438,70328200,-0.002716558424119553,False,-0.002716558424119553
2024-06-21,531.917724609375,64338600,-0.001340607764340862,False,-0.001340607764340862
2024-06-24,530.1885986328125,45528700,-0.0032507395346381696,False,-0.0032507395346381696
2024-06-25,532.2302856445312,37936200,0.003850869326469164,False,0.003850869326469164
2024-06-26,532.8945922851562,38550600,0.0012481564062454265,False,0.0012481564062454265
2024-06-27,533.7346801757812,35041500,0.001576461654494432,False,0.001576461654494432
2024-06-28,531.6343383789062,76144500,-0.003935179546855183,False,-0.003935179546855183
2024-07-01,532.728515625,40297800,0.0020581387752909297,False,0.0020581387752909297
2024-07-02,536.3136596679688,40434800,0.006729776870987747,False,0.006729776870987747
2024-07-03,538.7069702148438,32789900,0.004462520213184051,False,0.004462520213184051
2024-07-05,541.8134155273438,41488400,0.005766484349109424,False,0.005766484349109424
2024-07-08,542.4386596679688,36110500,0.001153984236467176,False,0.001153984236467176
2024-07-09,542.9661865234375,27289700,0.0009725096949979584,False,0.0009725096949979584
2024-07-10,548.3389282226562,38701200,0.009895168120173325,False,0.009895168120173325
2024-07-11,543.6107788085938,53054200,-0.008622676907853233,False,-0.008622676907853233
2024-07-12,547.0396118164062,53084400,0.006307514754080756,False,0.006307514754080756
2024-07-15,548.5440673828125,40584300,0.0027501766488369217,False,0.0027501766488369217
2024-07-16,551.7970581054688,36475300,0.005930226787752568,False,0.005930226787752568
2024-07-17,544.0602416992188,57119000,-0.014021126594645938,False,-0.014021126594645938
2024-07-18,539.879150390625,56270400,-0.007684978589016733,False,-0.007684978589016733
2024-07-19,536.2941284179688,65509100,-0.006640415674623368,False,-0.006640415674623368
2024-07-22,541.8232421875,43346700,0.010309853262503,False,0.010309853262503
2024-07-23,540.973388671875,34439600,-0.001568506940001102,False,-0.001568506940001102
2024-07-24,528.7135009765625,74515300,-0.022662644692026945,True,-0.016530752453280957
2024-07-25,525.9588012695312,61158300,-0.0052101936151491834,False,-0.0052101936151491834
2024-07-26,531.849365234375,53763800,0.011199668017010778,False,0.011199668017010778
2024-07-29,532.1619262695312,39515800,0.0005876871452474841,False,0.0005876871452474841
2024-07-30,529.4657592773438,46853600,-0.005066440981766007,False,-0.005066440981766007
2024-07-31,538.072021484375,65663400,0.016254615253643134,False,0.015596387768707738
2024-08-01,530.452392578125,76428700,-0.0141609832922176,False,-0.0141609832922176
2024-08-02,520.5762329101562,82789100,-0.018618371424376612,True,-0.016530752453280957
2024-08-05,505.4151306152344,146267400,-0.029123692816645508,True,-0.016530752453280957
2024-08-06,510.0747985839844,84826300,0.009219486490398277,False,0.009219486490398277
2024-08-07,506.6653747558594,70698300,-0.0066841644354708185,False,-0.0066841644354708185
2024-08-08,518.3782958984375,63276600,0.023117666464226083,True,0.015596387768707738
2024-08-09,520.6640625,45619600,0.004409456606590423,False,0.004409456606590423
2024-08-12,520.937744140625,42542100,0.0005256395828643345,False,0.0005256395828643345
2024-08-13,529.5048217773438,52333100,0.016445492255224403,False,0.015596387768707738
2024-08-14,531.17529296875,42446900,0.003154779942889041,False,0.003154779942889041
2024-08-15,540.2796630859375,60846800,0.017140048186923273,False,0.015596387768707738
2024-08-16,541.4910888671875,44430700,0.002242219842832238,False,0.002242219842832238
2024-08-19,546.66845703125,39121800,0.00956131738916266,False,0.00956131738916266
2024-08-20,545.779541015625,33732300,-0.0016260605567995912,False,-0.0016260605567995912
2024-08-21,547.655029296875,41514600,0.003436347719740329,False,0.003436347719740329
2024-08-22,543.3568115234375,56121500,-0.007848403727718778,False,-0.007848403727718778
2024-08-23,549.1301879882812,50639400,0.010625387116536933,False,0.010625387116536933
2024-08-26,547.8212280273438,35788600,-0.00238369696215901,False,-0.00238369696215901
2024-08-27,548.5734252929688,32693900,0.0013730706791585945,False,0.0013730706791585945
2024-08-28,545.3887329101562,41066000,-0.005805407691981568,False,-0.005805407691981568
2024-08-29,545.4376220703125,38715200,8.964094270047518e-05,False,8.964094270047518e-05
2024-08-30,550.6444091796875,62700100,0.009546072545585815,False,0.009546072545585815
2024-09-03,539.3126220703125,60600100,-0.020579137680261428,True,-0.016530752453280957
2024-09-04,538.208740234375,47224900,-0.002046831078605038,False,-0.002046831078605038
2024-09-05,536.8997802734375,44264300,-0.0024320674546598475,False,-0.0024320674546598475
2024-09-06,527.8635864257812,68493800,-0.016830317648955262,False,-0.016530752453280957
2024-09-09,533.7737426757812,40445800,0.011196370429751079,False,0.011196370429751079
2024-09-10,536.0986938476562,36394600,0.004355686662705027,False,0.004355686662705027
2024-09-11,541.5984497070312,75248600,0.010258849578428375,False,0.010258849578428375
2024-09-12,546.1605834960938,51819600,0.008423461683707334,False,0.008423461683707334
2024-09-13,549.0130004882812,39310500,0.005222670911050553,False,0.005222670911050553
2024-09-16,549.8237915039062,36656100,0.0014768156945352828,False,0.0014768156945352828
2024-09-17,550.0484619140625,49321000,0.00040862256895390914,False,0.00040862256895390914
2024-09-18,548.4171142578125,59044900,-0.0029658253212330177,False,-0.0029658253212330177
2024-09-19,557.7754516601562,75315500,0.017064269438433977,False,0.015596387768707738
2024-09-20,556.8114013671875,77503100,-0.0017283842272000083,False,-0.0017283842272000083
2024-09-23,558.2027587890625,44116900,0.0024987947776549113,False,0.0024987947776549113
2024-09-24,559.7999267578125,46805700,0.002861268497158287,False,0.002861268497158287
2024-09-25,558.5652465820312,38428600,-0.002205574021654777,False,-0.002205574021654777
2024-09-26,560.7798461914062,48336000,0.003964800214346642,False,0.003964800214346642
2024-09-27,559.9664916992188,42100900,-0.0014503989358952696,False,-0.0014503989358952696
2024-09-30,562.21044921875,63557400,0.004007306781378839,False,0.004007306781378839
2024-10-01,557.1738891601562,72668800,-0.008958495996637117,False,-0.008958495996637117
2024-10-02,557.4090576171875,38097800,0.0004220737216988901,False,0.0004220737216988901
2024-10-03,556.3900146484375,40846500,-0.0018281779867485026,False,-0.0018281779867485026
2024-10-04,561.4461669921875,42939100,0.009087424667289845,False,0.009087424667289845
2024-10-07,556.370361328125,49964700,-0.009040591890144833,False,-0.009040591890144833
2024-10-08,561.63232421875,37398700,0.00945766211928345,False,0.00945766211928345
2024-10-09,565.5224609375,37912200,0.006926482951566726,False,0.006926482951566726
2024-10-10,564.53271484375,44138100,-0.0017501446222122352,False,-0.0017501446222122352
2024-10-11,567.9132080078125,42268000,0.005988126241714964,False,0.005988126241714964
2024-10-14,572.5579223632812,36217200,0.008178563713568066,False,0.008178563713568066
2024-10-15,568.1092529296875,54203600,-0.0077698155240459865,False,-0.0077698155240459865
2024-10-16,570.5785522460938,30725400,0.00434652191224183,False,0.00434652191224183
2024-10-17,570.6275024414062,34393700,8.579045798295937e-05,False,8.579045798295937e-05
2024-10-18,572.822509765625,37416800,0.003846655330890014,False,0.003846655330890014
2024-10-21,571.8817138671875,36439000,-0.0016423863978781705,False,-0.0016423863978781705
2024-10-22,571.5780029296875,34183800,-0.0005310730001248931,False,-0.0005310730001248931
2024-10-23,566.3552856445312,49314600,-0.009137365781024864,False,-0.009137365781024864
2024-10-24,567.5801391601562,34979900,0.0021626945959039023,False,0.0021626945959039023
2024-10-25,567.3840942382812,47268200,-0.0003454048306994473,False,-0.0003454048306994473
2024-10-28,569.1380615234375,30174700,0.003091322620721204,False,0.003091322620721204
2024-10-29,570.0591430664062,42899700,0.001618379801384684,False,0.001618379801384684
2024-10-30,568.3346557617188,41435800,-0.0030251024400930193,False,-0.0030251024400930193
2024-10-31,557.193603515625,60182500,-0.01960297886667106,True,-0.016530752453280957
2024-11-01,559.545166015625,45667500,0.00422036880029264,False,0.00422036880029264
2024-11-04,558.33984375,38217000,-0.0021541107650125957,False,-0.0021541107650125957
2024-11-05,565.09130859375,39478300,0.012092034841011623,False,0.012092034841011623
2024-11-06,579.1427001953125,68182000,0.024865701149306085,True,0.015596387768707738
2024-11-07,583.6206665039062,47233200,0.007732060349001424,False,0.007732060349001424
2024-11-08,586.148681640625,46444900,0.004331606609927707,False,0.004331606609927707
2024-11-11,586.7072143554688,37586800,0.0009528857307679051,False,0.0009528857307679051
2024-11-12,584.8847045898438,43006100,-0.0031063360412690866,False,-0.0031063360412690866
2024-11-13,585.1688842773438,47388600,0.0004858730024395186,False,0.0004858730024395186
2024-11-14,581.4060668945312,38904100,-0.006430310093229585,False,-0.006430310093229585
2024-11-15,573.9590454101562,75988800,-0.01280864082508093,False,-0.01280864082508093
2024-11-18,576.310791015625,37001700,0.004097410127560819,False,0.004097410127560819
2024-11-19,578.41748046875,49412000,0.0036554745910837294,False,0.0036554745910837294
2024-11-20,578.6134643554688,50032600,0.00033882773833160407,False,0.00033882773833160407
2024-11-21,581.7195434570312,46750300,0.005368141761136647,False,0.005368141761136647
2024-11-22,583.522705078125,38226400,0.003099709544530649,False,0.003099709544530649
2024-11-25,585.5020141601562,42441400,0.0033920001138023625,False,0.0033920001138023625
2024-11-26,588.5592041015625,45621300,0.005221484926557496,False,0.005221484926557496
2024-11-27,586.7757568359375,34000200,-0.0030301917856291327,False,-0.0030301917856291327
2024-11-29,590.4209594726562,30177400,0.006212258421129713,False,0.006212258421129713
2024-12-02,591.479248046875,31746000,0.0017924305654122286,False,0.0017924305654122286
2024-12-03,591.75341796875,26906600,0.0004635326138326956,False,0.0004635326138326956
2024-12-04,595.427978515625,42787600,0.006209614402377772,False,0.006209614402377772
2024-12-05,594.4481201171875,28762200,-0.0016456371446975648,False,-0.0016456371446975648
2024-12-06,595.5750122070312,31241500,0.0018956945975732165,False,0.0018956945975732165
2024-12-09,592.508056640625,34742700,-0.005149570589002672,False,-0.005149570589002672
2024-12-10,590.6659545898438,37234500,-0.00310899072195836,False,-0.00310899072195836
2024-12-11,595.2321166992188,28677700,0.007730532078060515,False,0.007730532078060515
2024-12-12,592.1650390625,31543800,-0.00515274218354822,False,-0.00515274218354822
2024-12-13,592.0475463867188,35904700,-0.00019841204399240198,False,-0.00019841204399240198
2024-12-16,594.5756225585938,43695200,0.004270055990104105,False,0.004270055990104105
2024-12-17,592.1258544921875,55773500,-0.004120195940533811,False,-0.004120195940533811
2024-12-18,574.4784545898438,108248700,-0.02980346115350485,True,-0.016530752453280957
2024-12-19,574.3019409179688,85919500,-0.0003072589937267445,False,-0.0003072589937267445
2024-12-20,581.199951171875,125716700,0.012011121262937685,False,0.012011121262937685
2024-12-23,584.680419921875,57635800,0.00598841886167123,False,0.00598841886167123
2024-12-24,591.1790161132812,33160100,0.011114783341427126,False,0.011114783341427126
2024-12-26,591.2184448242188,41219100,6.669504475431687e-05,False,6.669504475431687e-05
2024-12-27,584.9949951171875,64969300,-0.01052648096742248,False,-0.01052648096742248
2024-12-30,578.3192749023438,56578800,-0.011411585176906436,False,-0.011411585176906436
2024-12-31,576.21533203125,57052700,-0.0036380299989984266,False,-0.0036380299989984266
2025-01-02,574.7994384765625,50204000,-0.002457229920794113,False,-0.002457229920794113
2025-01-03,581.9864501953125,37888500,0.012503512073356093,False,0.012503512073356093
2025-01-06,585.3390502929688,47679400,0.005760615382937484,False,0.005760615382937484
2025-01-07,578.722412109375,60393100,-0.01130394116073763,False,-0.01130394116073763
2025-01-08,579.56787109375,47304700,0.0014609058966514876,False,0.0014609058966514876
2025-01-10,570.7193603515625,73105000,-0.015267427998534089,False,-0.015267427998534089
2025-01-13,571.604248046875,47910100,0.00155047779484363,False,0.00155047779484363
2025-01-14,572.3906860351562,48420600,0.001375843498309326,False,0.001375843498309326
2025-01-15,582.802490234375,56900200,0.018190030783588274,False,0.015596387768707738
2025-01-16,581.6817016601562,43319700,-0.0019231018964384061,False,-0.0019231018964384061
2025-01-17,587.5216674804688,58070600,0.010039796341615892,False,0.010039796341615892
2025-01-21,592.899658203125,42532900,0.009153689166425671,False,0.009153689166425671
2025-01-22,596.2325439453125,48196000,0.005621331866320078,False,0.005621331866320078
2025-01-23,599.4868774414062,41152100,0.005458161465926592,False,0.005458161465926592
2025-01-24,597.73681640625,34604700,-0.002919264959769352,False,-0.002919264959769352
2025-01-27,589.2816162109375,70361100,-0.014145356222404648,False,-0.014145356222404648
2025-01-28,594.3449096679688,44433300,0.008592315317060173,False,0.008592315317060173
2025-01-29,591.6804809570312,37177400,-0.004482967158625062,False,-0.004482967158625062
2025-01-30,594.856201171875,39281300,0.005367289131639197,False,0.005367289131639197
2025-01-31,591.6903076171875,66566900,-0.0053221157457056245,False,-0.0053221157457056245
2025-02-03,587.70849609375,65857200,-0.0067295534034903515,False,-0.0067295534034903515
2025-02-04,591.6510009765625,33457800,0.006708265932884538,False,0.006708265932884538
2025-02-05,594.0498657226562,30653100,0.004054526641777523,False,0.004054526641777523
2025-02-06,596.1145629882812,35771500,0.0034756295468787446,False,0.0034756295468787446
2025-02-07,590.6580200195312,50788500,-0.009153513951071335,False,-0.009153513951071335
2025-02-10,594.6693115234375,26048700,0.006791224986284927,False,0.006791224986284927
2025-02-11,595.1216430664062,30056700,0.0007606438304508245,False,0.0007606438304508245
2025-02-12,593.2044067382812,45076100,-0.0032215873014570517,False,-0.0032215873014570517
2025-02-13,599.4672241210938,40921300,0.010557604278849553,False,0.010557604278849553
2025-02-14,599.4376831054688,26910400,-4.927878362037674e-05,False,-4.927878362037674e-05
2025-02-18,601.197509765625,26749000,0.0029357958462659095,False,0.0029357958462659095
2025-02-19,602.6133422851562,31011100,0.0023550205989428807,False,0.0023550205989428807
2025-02-20,600.1063232421875,36554000,-0.0041602448320542385,False,-0.0041602448320542385
2025-02-21,589.842041015625,76519800,-0.01710410610424462,False,-0.016530752453280957
2025-02-24,587.1578979492188,50737200,-0.004550613350287058,False,-0.004550613350287058
2025-02-25,584.2378540039062,58266500,-0.004973183457995578,False,-0.004973183457995578
2025-02-26,584.5328369140625,43321600,0.0005049020842020635,False,0.0005049020842020635
2025-02-27,575.2025756835938,74196700,-0.015961911190013223,False,-0.015961911190013223
2025-02-28,584.1788940429688,88744100,0.01560549055036331,False,0.015596387768707738
2025-03-03,573.9441528320312,74249200,-0.01751987501654706,False,-0.016530752453280957
2025-03-04,567.1504516601562,109648200,-0.011836867992038314,False,-0.011836867992038314
2025-03-05,573.24609375,71230500,0.010747839611165988,False,0.010747839611165988
2025-03-06,563.0703735351562,80094900,-0.017751050248379863,False,-0.016530752453280957
2025-03-07,566.2261962890625,81158800,0.005604668443293992,False,0.005604668443293992
2025-03-10,551.1444702148438,99326600,-0.026635514522396653,True,-0.016530752453280957
2025-03-11,546.5628662109375,88102100,-0.008312891177371884,False,-0.008312891177371884
2025-03-12,549.46337890625,69588200,0.005306823559786178,False,0.005306823559786178
2025-03-13,542.1386108398438,74079400,-0.0133307666126663,False,-0.0133307666126663
2025-03-14,553.3369140625,62660300,0.020655793553070456,True,0.015596387768707738
2025-03-17,557.6039428710938,49008700,0.00771144794455525,False,0.00771144794455525
2025-03-18,551.5770263671875,66041400,-0.010808597358321625,False,-0.010808597358321625
2025-03-19,557.5842895507812,66556000,0.010891068511607482,False,0.010891068511607482
2025-03-20,555.9718017578125,62958200,-0.0028919175507399197,False,-0.0028919175507399197
2025-03-21,556.1553344726562,83763000,0.00033011155289441874,False,0.00033011155289441874
2025-03-24,566.1151733398438,58766800,0.017908376041436913,False,0.015596387768707738
2025-03-25,567.4760131835938,38355700,0.0024038215328545665,False,0.0024038215328545665
2025-03-26,560.701416015625,51848300,-0.01193812074974343,False,-0.01193812074974343
2025-03-27,559.2123413085938,42164200,-0.0026557355920602266,False,-0.0026557355920602266
2025-03-28,547.9507446289062,71662700,-0.02013831928911769,True,-0.016530752453280957
2025-03-31,551.6289672851562,95328200,0.006712688489439067,False,0.006712688489439067
2025-04-01,553.18701171875,54609600,0.002824442743211364,False,0.002824442743211364
2025-04-02,556.6878662109375,76014500,0.006328518960180052,False,0.006328518960180052
2025-04-03,529.2537231445312,125986000,-0.04928101496649295,True,-0.016530752453280957
2025-04-04,498.2696838378906,217965100,-0.05854288397358964,True,-0.016530752453280957
2025-04-07,497.3821716308594,256611400,-0.0017811884523963872,False,-0.0017811884523963872
2025-04-08,489.5918273925781,165816600,-0.015662692960500824,False,-0.015662692960500824
2025-04-09,541.0084228515625,241867300,0.10501930911064017,True,0.015596387768707738
2025-04-10,517.3019409179688,162331200,-0.043819062573260736,True,-0.016530752453280957
2025-04-11,526.531982421875,97866300,0.01784265778614169,False,0.015596387768707738
2025-04-14,531.6401977539062,68034000,0.009701624027727895,False,0.009701624027727895
2025-04-15,530.151123046875,56892900,-0.0028009069165995104,False,-0.0028009069165995104
2025-04-16,518.3668823242188,83484800,-0.022228078391931083,True,-0.016530752453280957
2025-04-17,519.1064453125,79868100,0.0014267172797870487,False,0.0014267172797870487
2025-04-21,506.7503356933594,69368100,-0.023802651133915886,True,-0.016530752453280957
2025-04-22,519.9348754882812,75948100,0.026017821531153285,True,0.015596387768707738
2025-04-23,527.991455078125,90590700,0.015495362918822586,False,0.015495362918822586
2025-04-24,539.1051635742188,64150400,0.02104903098185429,True,0.015596387768707738
2025-04-25,543.0003662109375,61119600,0.007225311311978455,False,0.007225311311978455
2025-04-28,543.2074584960938,47613800,0.0003813851666460977,False,0.0003813851666460977
2025-04-29,546.6292724609375,47775100,0.006299276475910887,False,0.006299276475910887
2025-04-30,546.8462524414062,93101500,0.00039694175083582195,False,0.00039694175083582195
2025-05-01,550.7216796875,63186100,0.0070868680708551235,False,0.0070868680708551235
2025-05-02,558.8966674804688,60717300,0.014844136511218409,False,0.014844136511218409
2025-05-05,555.6917724609375,38659200,-0.005734324797424639,False,-0.005734324797424639
2025-05-06,551.047119140625,48264700,-0.008358326594873233,False,-0.008358326594873233
2025-05-07,553.3645629882812,55588000,0.00420552756227166,False,0.00420552756227166
2025-05-08,557.2202758789062,65130800,0.006967762571935099,False,0.006967762571935099
2025-05-09,556.5103759765625,37603400,-0.0012740022807390394,False,-0.0012740022807390394
2025-05-12,574.9015502929688,78993600,0.03304731611541567,True,0.015596387768707738
2025-05-13,578.6981811523438,67947200,0.006603966987809073,False,0.006603966987809073
2025-05-14,579.437744140625,66283500,0.0012779770394448775,False,0.0012779770394448775
2025-05-15,582.2679443359375,71268100,0.004884390469782174,False,0.004884390469782174
2025-05-16,585.9559936523438,76052100,0.006333938442399267,False,0.006333938442399267
2025-05-19,586.596923828125,68168500,0.0010938196429841618,False,0.0010938196429841618
2025-05-20,584.6246948242188,60614500,-0.003362153676216839,False,-0.003362153676216839
2025-05-21,574.7733154296875,95197700,-0.016850775346555102,False,-0.016530752453280957
2025-05-22,575.0001220703125,70860400,0.00039460189702000825,False,0.00039460189702000825
2025-05-23,571.0753173828125,76029000,-0.006825745833528796,False,-0.006825745833528796
2025-05-27,582.9483642578125,72588500,0.02079068471986001,True,0.015596387768707738
2025-05-28,579.5757446289062,68445500,-0.005785451740996206,False,-0.005785451740996206
2025-05-29,581.8635864257812,69973300,0.003947442276660329,False,0.003947442276660329
2025-05-30,581.2127685546875,90601200,-0.0011185059286688004,False,-0.0011185059286688004
2025-06-02,584.4866333007812,61630500,0.005632816282124864,False,0.005632816282124864
2025-06-03,587.8197631835938,63606200,0.005702662290135274,False,0.005702662290135274
2025-06-04,587.6619262695312,57314200,-0.00026851243178294126,False,-0.00026851243178294126
2025-06-05,584.8219604492188,92278700,-0.004832652403296889,False,-0.004832652403296889
2025-06-06,590.8274536132812,66588700,0.010268925536670137,False,0.010268925536670137
2025-06-09,591.3599243164062,53016400,0.0009012287764704752,False,0.0009012287764704752
2025-06-10,594.7127685546875,66247000,0.005669718390465928,False,0.005669718390465928
2025-06-11,593.0167236328125,73658200,-0.0028518723853816486,False,-0.0028518723853816486
2025-06-12,595.3734741210938,64129000,0.003974172050062563,False,0.003974172050062563
2025-06-13,588.7171020507812,89506000,-0.011180162300879815,False,-0.011180162300879815
2025-06-16,594.318359375,79984100,0.009514344503849026,False,0.009514344503849026
2025-06-17,589.2398681640625,82209400,-0.0085450687006845,False,-0.0085450687006845
2025-06-18,589.1510620117188,76605000,-0.00015071307483049967,False,-0.00015071307483049967
2025-06-20,587.7673950195312,94051400,-0.002348577608368929,False,-0.002348577608368929
2025-06-23,593.572998046875,87426000,0.00987738189722287,False,0.00987738189722287
2025-06-24,600.1304321289062,67735300,0.011047392828865465,False,0.011047392828865465
2025-06-25,600.4666748046875,62114800,0.000560282661534961,False,0.000560282661534961
2025-06-26,605.16455078125,78548400,0.007823708081869052,False,0.007823708081869052
2025-06-27,608.1712646484375,86258400,0.004968423651560361,False,0.004968423651560361
2025-06-30,611.0791015625,92502500,0.004781279687299023,False,0.004781279687299023
2025-07-01,610.8812866210938,70030100,-0.0003237141327537829,False,-0.0003237141327537829
2025-07-02,613.650634765625,66510400,0.004533365492089381,False,0.004533365492089381
2025-07-03,618.4869995117188,51065800,0.007881299997254843,False,0.007881299997254843
2025-07-07,613.8779907226562,74814500,-0.0074520706056897534,False,-0.0074520706056897534
2025-07-08,613.5418090820312,59024600,-0.0005476359239223738,False,-0.0005476359239223738
2025-07-09,617.2210083007812,66113300,0.005996656078344209,False,0.005996656078344209
2025-07-10,618.9617309570312,57529000,0.002820258275139098,False,0.002820258275139098
2025-07-11,616.7858276367188,63670200,-0.0035154084840562927,False,-0.0035154084840562927
2025-07-14,617.9627685546875,51898500,0.0019081841138897104,False,0.0019081841138897104
2025-07-15,615.322021484375,74317300,-0.004273310957695342,False,-0.004273310957695342
2025-07-16,617.3792724609375,88987500,0.0033433729083833796,False,0.0033433729083833796
2025-07-17,621.1574096679688,68885700,0.0061196372725167425,False,0.0061196372725167425
2025-07-18,620.702392578125,65621600,-0.0007325310505222893,False,-0.0007325310505222893
2025-07-21,621.8794555664062,63375000,0.001896340343384706,False,0.001896340343384706
2025-07-22,621.9684448242188,60046300,0.00014309727876682388,False,0.00014309727876682388
2025-07-23,627.2598266601562,70511000,0.008507476351847565,False,0.008507476351847565
2025-07-24,627.4674072265625,71307100,0.0003309323466664793,False,0.0003309323466664793
2025-07-25,630.1181030273438,56865400,0.004224435835635587,False,0.004224435835635587
2025-07-28,629.9598999023438,54917100,-0.0002510690047468067,False,-0.0002510690047468067
2025-07-29,628.2982788085938,60556300,-0.0026376616892719307,False,-0.0026376616892719307
2025-07-30,627.5070190429688,80418900,-0.0012593696215839056,False,-0.0012593696215839056
2025-07-31,625.1531372070312,103385200,-0.003751164153554032,False,-0.003751164153554032
2025-08-01,614.9066162109375,140103600,-0.01639041762130744,False,-0.01639041762130744
2025-08-04,624.2530517578125,73218000,0.015199764160073403,False,0.015199764160073403
2025-08-05,621.088134765625,68051400,-0.005069926343612585,False,-0.005069926343612585
2025-08-06,625.845458984375,64357500,0.007659660445043404,False,0.007659660445043404
2025-08-07,625.3212280273438,74205800,-0.000837636431655131,False,-0.000837636431655131
2025-08-08,630.1972045898438,64051600,0.007797554830949682,False,0.007797554830949682
2025-08-11,628.9509887695312,58742300,-0.0019775013459851776,False,-0.0019775013459851776
2025-08-12,635.6467895507812,64730800,0.010645981802730908,False,0.010645981802730908
2025-08-13,637.82275390625,60092800,0.0034232287352642388,False,0.0034232287352642388
2025-08-14,637.882080078125,59327500,9.301357079483097e-05,False,9.301357079483097e-05
2025-08-15,636.388671875,68592500,-0.0023411979263346927,False,-0.0023411979263346927
2025-08-18,636.2501220703125,43804900,-0.00021771255650937515,False,-0.00021771255650937515
2025-08-19,632.7984008789062,69750700,-0.00542510102815319,False,-0.00542510102815319
2025-08-20,631.1170654296875,88890300,-0.0026569843521784264,False,-0.0026569843521784264
2025-08-21,628.5850830078125,54805800,-0.004011906127353915,False,-0.004011906127353915
2025-08-22,638.2380981445312,84083200,0.015356735941821187,False,0.015356735941821187
2025-08-25,635.42919921875,51274300,-0.0044010204560761546,False,-0.0044010204560761546
2025-08-26,638.0897216796875,51581600,0.004186969160700382,False,0.004186969160700382
2025-08-27,639.543701171875,48341100,0.002278644276482167,False,0.002278644276482167
2025-08-28,641.8085327148438,61519500,0.003541324132844581,False,0.003541324132844581
2025-08-29,637.98095703125,74522200,-0.005963734491660877,False,-0.005963734491660877
2025-09-02,633.2533569335938,81983500,-0.0074102526816088865,False,-0.0074102526816088865
2025-09-03,636.685302734375,70820900,0.005419546163007771,False,0.005419546163007771
2025-09-04,642.00634765625,65219200,0.008357417548391144,False,0.008357417548391144
2025-09-05,640.1469116210938,85178900,-0.002896289175246314,False,-0.002896289175246314
2025-09-08,641.7195434570312,63133100,0.002456673315747171,False,0.002456673315747171
2025-09-09,643.203125,66133900,0.0023118846201510834,False,0.0023118846201510834
2025-09-10,645.0624389648438,78034500,0.00289071040325517,False,0.00289071040325517
2025-09-11,650.4231567382812,69934400,0.008310385862863257,False,0.008310385862863257
2025-09-12,650.2055053710938,72780100,-0.000334630409346115,False,-0.000334630409346115
2025-09-15,653.6671142578125,63772400,0.0053238689277832485,False,0.0053238689277832485
2025-09-16,652.76708984375,61169000,-0.0013768849532600491,False,-0.0013768849532600491
2025-09-17,651.9561157226562,101952200,-0.0012423636756685452,False,-0.0012423636756685452
2025-09-18,655.0023803710938,90459200,0.004672499536354291,False,0.004672499536354291
2025-09-19,658.2465209960938,97945600,0.004952868450893266,False,0.004952868450893266
2025-09-22,661.3607177734375,69452200,0.004731049353107419,False,0.004731049353107419
2025-09-23,657.7606201171875,81708900,-0.005443470649980853,False,-0.005443470649980853
2025-09-24,655.6678466796875,68082200,-0.0031816642308674092,False,-0.0031816642308674092
2025-09-25,652.6429443359375,89622100,-0.004613467564511753,False,-0.004613467564511753
2025-09-26,656.3819580078125,69179200,0.0057290340826092745,False,0.0057290340826092745
2025-09-29,658.2266845703125,73499000,0.0028104467833012237,False,0.0028104467833012237
2025-09-30,660.7061157226562,86288000,0.003766834755358328,False,0.003766834755358328
2025-10-01,662.95751953125,72545400,0.0034075722246513784,False,0.0034075722246513784
2025-10-02,663.7210693359375,56896000,0.0011517326256851312,False,0.0011517326256851312
2025-10-03,663.7113037109375,70494400,-1.4713447336833774e-05,False,-1.4713447336833774e-05
2025-10-06,666.0914916992188,54623300,0.0035861796762737264,False,0.0035861796762737264
2025-10-07,663.6219482421875,72020100,-0.0037075138893177817,False,-0.0037075138893177817
2025-10-08,667.5791625976562,60702200,0.005963055269571305,False,0.005963055269571305
2025-10-09,665.6452026367188,66501900,-0.002896974724933221,False,-0.002896974724933221
2025-10-10,647.6542358398438,159422600,-0.027027862178845674,True,-0.016530752453280957
2025-10-13,657.5919189453125,79560500,0.015344118135168339,False,0.015344118135168339
2025-10-14,656.78857421875,88779600,-0.0012216462876413203,False,-0.0012216462876413203
2025-10-15,659.7044067382812,81702600,0.004439529909605389,False,0.004439529909605389
2025-10-16,655.2116088867188,110563300,-0.006810319600221937,False,-0.006810319600221937
2025-10-17,658.9308471679688,96500900,0.005676392528467966,False,0.005676392528467966
2025-10-20,665.7840576171875,60493400,0.010400500262923273,False,0.010400500262923273
2025-10-21,665.7741088867188,56249000,-1.494287878323064e-05,False,-1.494287878323064e-05
2025-10-22,662.3128051757812,80564000,-0.005198916065879078,False,-0.005198916065879078
2025-10-23,666.2402954101562,65604500,0.005929962705964353,False,0.005929962705964353
2025-10-24,671.6851806640625,74356500,0.008172554694480416,False,0.008172554694480416
2025-10-27,679.6095581054688,63339800,0.011797755361480311,False,0.011797755361480311
2025-10-28,681.41455078125,61738100,0.002655925971395856,False,0.002655925971395856
2025-10-29,681.7418823242188,85657100,0.0004803706386860007,False,0.0004803706386860007
2025-10-30,674.2440185546875,76335800,-0.010998097614260183,False,-0.010998097614260183
2025-10-31,676.4556274414062,87164100,0.0032801312668069293,False,0.0032801312668069293
2025-11-03,677.72509765625,57315000,0.0018766496475834948,False,0.0018766496475834948
2025-11-04,669.691650390625,78427000,-0.011853548427536165,False,-0.011853548427536165
2025-11-05,672.012451171875,74402400,0.003465476656154154,False,0.003465476656154154
2025-11-06,664.8021850585938,85035300,-0.010729363869237507,False,-0.010729363869237507
2025-11-07,665.4567260742188,100592400,0.000984565078659072,False,0.000984565078659072
2025-11-10,675.8406982421875,75842900,0.015604278627143309,False,0.015596387768707738
2025-11-11,677.387939453125,58953400,0.002289357854538432,False,0.002289357854538432
2025-11-12,677.7648315429688,62312500,0.0005563903162315587,False,0.0005563903162315587
2025-11-13,666.5180053710938,103457800,-0.016593994920437227,False,-0.016530752453280957
2025-11-14,666.4088134765625,96846700,-0.0001638243733123046,False,-0.0001638243733123046
2025-11-17,660.2003173828125,90456100,-0.009316347515515466,False,-0.009316347515515466
2025-11-18,654.65625,114467500,-0.008397553343794883,False,-0.008397553343794883
2025-11-19,657.185302734375,94703000,0.0038631766432766224,False,0.0038631766432766224
2025-11-20,647.1683349609375,165293500,-0.015242227316648038,False,-0.015242227316648038
2025-11-21,653.6148681640625,123956200,0.009961138168965045,False,0.009961138168965045
2025-11-24,663.2351684570312,80437900,0.014718606876234608,False,0.014718606876234608
2025-11-25,669.4735717773438,81077100,0.009406020092127543,False,0.009406020092127543
2025-11-26,674.09521484375,71879600,0.006903398821459961,False,0.006903398821459961
2025-11-28,677.7747192382812,49212000,0.0054584342293309,False,0.0054584342293309
2025-12-01,674.6803588867188,61201200,-0.004565470301164498,False,-0.004565470301164498
2025-12-02,675.9299926757812,62953800,0.0018521864059071191,False,0.0018521864059071191
2025-12-03,678.2706298828125,57238500,0.003462839691083186,False,0.003462839691083186
2025-12-04,678.7664794921875,61970300,0.0007310498015529188,False,0.0007310498015529188
2025-12-05,680.0557861328125,79241000,0.0018994848443159018,False,0.0018994848443159018
2025-12-08,678.0126953125,55231500,-0.003004298856025711,False,-0.003004298856025711
2025-12-09,677.4276123046875,58310100,-0.0008629381305947925,False,-0.0008629381305947925
2025-12-10,681.92041015625,85671300,0.00663214455678518,False,0.00663214455678518
2025-12-11,683.5072021484375,86173700,0.0023269460314641055,False,0.0023269460314641055
2025-12-12,676.1581420898438,113160300,-0.010751986278262682,False,-0.010751986278262682
2025-12-15,675.1365966796875,90811000,-0.0015108084138407696,False,-0.0015108084138407696
2025-12-16,673.2918701171875,122030600,-0.002732375302379353,False,-0.002732375302379353
2025-12-17,665.8832397460938,110625200,-0.011003593983400228,False,-0.011003593983400228
2025-12-18,670.9115600585938,108650100,0.0075513543702006025,False,0.0075513543702006025
2025-12-19,676.9923095703125,103599500,0.009063414425573013,False,0.009063414425573013
2025-12-22,681.2098999023438,69556700,0.00622989400678442,False,0.00622989400678442
2025-12-23,684.3233032226562,64840000,0.0045704023396588855,False,0.0045704023396588855
2025-12-24,686.7305297851562,39445600,0.003517674396244841,False,0.003517674396244841
2025-12-26,686.660888671875,41613300,-0.00010140966545213459,False,-0.00010140966545213459
2025-12-29,684.2138671875,62559500,-0.0035636535074947684,False,-0.0035636535074947684
2025-12-30,683.3783569335938,47160700,-0.0012211244085722495,False,-0.0012211244085722495
2025-12-31,678.3152465820312,74144800,-0.0074089416209803804,False,-0.0074089416209803804
2026-01-02,679.55859375,89377200,0.0018329931020035772,False,0.0018329931020035772
2026-01-05,684.0845336914062,71927200,0.006660117292359935,False,0.006660117292359935
2026-01-06,688.1529541015625,69273800,0.0059472480516442605,False,0.0059472480516442605
2026-01-07,685.9347534179688,75588300,-0.003223412281198157,False,-0.003223412281198157
2026-01-08,685.8651123046875,64019200,-0.00010152731427326422,False,-0.00010152731427326422
2026-01-09,690.4010009765625,80125500,0.006613382996888628,False,0.006613382996888628
2026-01-12,691.4852294921875,63976000,0.00157043300066384,False,0.00157043300066384
2026-01-13,690.1026000976562,78309700,-0.0019995067653818532,False,-0.0019995067653818532
2026-01-14,686.7106323242188,94676700,-0.0049151644595419874,False,-0.0049151644595419874
2026-01-15,688.5806884765625,77862000,0.002723208385480236,False,0.002723208385480236
2026-01-16,688.0037231445312,79289200,-0.000837905189162047,False,-0.000837905189162047
2026-01-20,673.9981689453125,111623300,-0.02035680001149731,True,-0.016530752453280957
2026-01-21,681.77685546875,127844500,0.0115411092816613,False,0.0115411092816613
2026-01-22,685.3379516601562,77112200,0.005223257672714476,False,0.005223257672714476
2026-01-23,685.5865478515625,63059600,0.00036273518897367296,False,0.00036273518897367296
2026-01-26,689.0680541992188,60473800,0.005078142735685631,False,0.005078142735685631
2026-01-27,691.8134765625,55506100,0.0039842543077575066,False,0.0039842543077575066
2026-01-28,691.7438354492188,61172200,-0.0001006645803248718,False,-0.0001006645803248718
2026-01-29,690.3711547851562,97486200,-0.001984377154833794,False,-0.001984377154833794
2026-01-30,688.3120727539062,101835100,-0.002982572514766746,False,-0.002982572514766746
2026-02-02,691.7339477539062,79286500,0.004971400525214165,False,0.004971400525214165
2026-02-03,685.885009765625,107904600,-0.008455473390127866,False,-0.008455473390127866
2026-02-04,682.5626831054688,105204600,-0.004843853725993386,False,-0.004843853725993386
2026-02-05,674.0379638671875,113610800,-0.012489284060324235,False,-0.012489284060324235
2026-02-06,686.96923828125,89127600,0.01918478647681998,False,0.015596387768707738
2026-02-09,690.2816772460938,73885200,0.004821815563577747,False,0.004821815563577747
2026-02-10,688.4613037109375,65185700,-0.0026371459581814305,False,-0.0026371459581814305
2026-02-11,688.3021850585938,76353900,-0.00023112214366449724,False,-0.00023112214366449724
2026-02-12,677.668701171875,118829000,-0.01544885969788623,False,-0.01544885969788623
2026-02-13,678.1461181640625,96267500,0.0007044991031190939,False,0.0007044991031190939
2026-02-17,679.2402954101562,81354700,0.0016134830190519533,False,0.0016134830190519533
2026-02-18,682.662109375,73570300,0.005037707550576753,False,0.005037707550576753
2026-02-19,680.8616333007812,58649400,-0.002637433731113581,False,-0.002637433731113581
2026-02-20,685.7855834960938,100034000,0.007231939581382241,False,0.007231939581382241
2026-02-23,678.7827758789062,90558100,-0.010211366038766267,False,-0.010211366038766267
2026-02-24,683.7164916992188,73798700,0.00726847527019836,False,0.00726847527019836
2026-02-25,689.4859008789062,56369500,0.008438306300538434,False,0.008438306300538434
2026-02-26,685.6561889648438,71671000,-0.005554445579207146,False,-0.005554445579207146
2026-02-27,682.3637084960938,83308900,-0.004801940858611298,False,-0.004801940858611298
2026-03-02,682.751708984375,87477200,0.0005686124327104469,False,0.0005686124327104469
2026-03-03,676.7337036132812,105003100,-0.008814339520359149,False,-0.008814339520359149
2026-03-04,681.5082397460938,79182200,0.00705526576749449,False,0.00705526576749449
2026-03-05,677.70849609375,106606500,-0.005575491873376914,False,-0.005575491873376914
2026-03-06,668.82568359375,100687000,-0.01310712873041986,False,-0.01310712873041986
2026-03-09,674.6845703125,102667700,0.00875996072290297,False,0.00875996072290297
2026-03-10,673.6002807617188,81505300,-0.0016071058958396778,False,-0.0016071058958396778
2026-03-11,672.7548217773438,68441700,-0.0012551345486657706,False,-0.0012551345486657706
2026-03-12,662.5390625,108882200,-0.015184966271003186,False,-0.015184966271003186
2026-03-13,658.7890014648438,97200200,-0.00566013575260893,False,-0.00566013575260893
2026-03-16,665.493408203125,82023100,0.01017686501045656,False,0.01017686501045656
2026-03-17,667.2440185546875,87128000,0.002630544991105488,False,0.002630544991105488
2026-03-18,657.9335327148438,82062600,-0.013953644515257158,False,-0.013953644515257158
2026-03-19,656.3121948242188,111272500,-0.002464288275344284,False,-0.002464288275344284
2026-03-20,646.9034423828125,163617500,-0.014335787930812693,False,-0.014335787930812693
2026-03-23,653.6959228515625,134802700,0.010499991225476402,False,0.010499991225476402
2026-03-24,651.5015869140625,96457500,-0.0033568144771775055,False,-0.0033568144771775055
2026-03-25,655.1322021484375,90653800,0.0055726882440485515,False,0.0055726882440485515
2026-03-26,643.432373046875,96494400,-0.017858729983344035,False,-0.016530752453280957
2026-03-27,632.4606323242188,103649400,-0.01705189415742525,False,-0.016530752453280957
2026-03-30,630.3460693359375,99275900,-0.0033433906874337227,False,-0.0033433906874337227
2026-03-31,648.6688842773438,152534100,0.029067865784757174,True,0.015596387768707738
2026-04-01,653.5562744140625,97841500,0.00753449141030349,False,0.00753449141030349
2026-04-02,654.144775390625,68358700,0.0009004595313388819,False,0.0009004595313388819
2026-04-06,657.23681640625,39105800,0.004726845083763864,False,0.004726845083763864
2026-04-07,657.5260009765625,69980400,0.0004400005646272298,False,0.0004400005646272298
2026-04-08,674.27294921875,93606100,0.02546963651219092,True,0.015596387768707738
2026-04-09,678.162841796875,57134400,0.005769017699185586,False,0.005769017699185586
2026-04-10,677.7140502929688,42253500,-0.0006617754265585418,False,-0.0006617754265585418
2026-04-13,684.3369750976562,54185800,0.009772447246481741,False,0.009772447246481741
2026-04-14,692.675537109375,63480500,0.012184877209840739,False,0.012184877209840739
2026-04-15,698.1414184570312,58240400,0.007890969227043909,False,0.007890969227043909
2026-04-16,699.8569946289062,49972400,0.002457347646937613,False,0.002457347646937613
2026-04-17,708.3152465820312,70661900,0.012085686101644066,False,0.012085686101644066
2026-04-20,706.8988037109375,43546800,-0.0019997351150194964,False,-0.0019997351150194964
2026-04-21,702.2708129882812,58941400,-0.006546892848539487,False,-0.006546892848539487
2026-04-22,709.3825073242188,42518500,0.01012671209511895,False,0.01012671209511895
2026-04-23,706.6295776367188,56174000,-0.0038807408683984024,False,-0.0038807408683984024
2026-04-24,712.10546875,45182000,0.007749309237231605,False,0.007749309237231605
2026-04-27,713.332275390625,33135900,0.001722787837563633,False,0.001722787837563633
2026-04-28,709.8612060546875,43117400,-0.004865992267119479,False,-0.004865992267119479
2026-04-29,709.7515258789062,41859200,-0.00015450932498595193,False,-0.00015450932498595193
2026-04-30,716.8132934570312,67240900,0.009949633527564838,False,0.009949633527564838
2026-05-01,718.7982177734375,43049800,0.0027690952923506984,False,0.0027690952923506984
2026-05-04,716.1649780273438,51950600,-0.0036633921467564834,False,-0.0036633921467564834
2026-05-05,721.9102172851562,36933200,0.008022228723942426,False,0.008022228723942426
2026-05-06,731.9443359375,53288900,0.013899399692774095,False,0.013899399692774095
2026-05-07,729.7001342773438,51724600,-0.0030660824190705815,False,-0.0030660824190705815
2026-05-08,735.724609375,47227100,0.00825609701116825,False,0.00825609701116825
2026-05-11,737.4002685546875,44024000,0.002277563042387465,False,0.002277563042387465
2026-05-12,736.2831420898438,54185300,-0.0015149526145865622,False,-0.0015149526145865622
2026-05-13,740.4025268554688,44200200,0.00559483781461112,False,0.00559483781461112
2026-05-14,746.2474975585938,45307600,0.0078943149045545,False,0.0078943149045545
2026-05-15,737.2706298828125,60410800,-0.012029343756796207,False,-0.012029343756796207
2026-05-18,736.751953125,47843900,-0.0007035093177317764,False,-0.0007035093177317764
2026-05-19,731.8446044921875,54255900,-0.0066607880874933745,False,-0.0066607880874933745
2026-05-20,739.3452758789062,45768000,0.010248994582563453,False,0.010248994582563453
2026-05-21,740.8114624023438,43332200,0.0019830877010671433,False,0.0019830877010671433
2026-05-22,743.7239990234375,41762000,0.003931549076803931,False,0.003931549076803931
2026-05-26,748.6613159179688,41123600,0.006638641352187502,False,0.006638641352187502
2026-05-27,748.5316162109375,42106300,-0.0001732421647460125,False,-0.0001732421647460125
2026-05-28,752.6609497070312,41562600,0.005516578600909927,False,0.005516578600909927
2026-05-29,754.5361328125,55075700,0.0024914048034492264,False,0.0024914048034492264
2026-06-01,756.5908203125,43634900,0.0027231134609038143,False,0.0027231134609038143
2026-06-02,757.6182250976562,31581900,0.0013579397972762752,False,0.0013579397972762752
2026-06-03,752.3018798828125,51402500,-0.00701718232049986,False,-0.00701718232049986
2026-06-04,755.1445922851562,49923000,0.0037786857621391334,False,0.0037786857621391334
2026-06-05,735.65478515625,93989400,-0.025809371248925683,True,-0.016530752453280957
2026-06-08,737.3204345703125,49319100,0.002264172608771542,False,0.002264172608771542
2026-06-09,735.1560668945312,87683500,-0.0029354505508077944,False,-0.0029354505508077944
2026-06-10,723.56591796875,60341300,-0.015765562508027298,False,-0.015765562508027298
2026-06-11,735.8642578125,86330500,0.016996847886747934,False,0.015596387768707738
2026-06-12,739.843994140625,57079500,0.005408247901529384,False,0.005408247901529384
2026-06-15,752.890380859375,60176400,0.01763396989375332,False,0.015596387768707738
2026-06-16,748.4019775390625,67093100,-0.005961562844234103,False,-0.005961562844234103
2026-06-17,739.0560302734375,85945200,-0.012487870885051433,False,-0.012487870885051433
2026-06-18,746.739990234375,80875700,0.010396992441959574,False,0.010396992441959574
2026-06-22,744.3900146484375,46628100,-0.003146979693962715,False,-0.003146979693962715
2026-06-23,733.5800170898438,66846800,-0.014521954010491611,False,-0.014521954010491611
2026-06-24,733.239990234375,57439500,-0.0004635170636431152,False,-0.0004635170636431152
2026-06-25,734.2999877929688,53934400,0.0014456352254532678,False,0.0014456352254532678
2026-06-26,728.989990234375,71034000,-0.007231373616869652,False,-0.007231373616869652
2026-06-29,741.0,58035200,0.016474862380159383,False,0.015596387768707738
2026-06-30,746.77001953125,55626000,0.007786800986842035,False,0.007786800986842035
2026-07-01,745.760009765625,47100900,-0.001352504438058455,False,-0.001352504438058455
2026-07-02,744.780029296875,57447800,-0.001314069480687241,False,-0.001314069480687241
2026-07-06,751.280029296875,50673300,0.008727409093039817,False,0.008727409093039817
2026-07-07,747.7100219726562,43721500,-0.004751899671231685,False,-0.004751899671231685
2026-07-08,745.4000244140625,43767400,-0.0030894297130047432,False,-0.0030894297130047432
2026-07-09,751.7100219726562,41441700,0.00846525000257925,False,0.00846525000257925
2026-07-10,754.9500122070312,42191300,0.0043101596888019955,False,0.0043101596888019955
2026-07-13,749.1699829101562,44013600,-0.007656174850540931,False,-0.007656174850540931
2026-07-14,751.8300170898438,35143100,0.00355064169730146,False,0.00355064169730146
2026-07-15,754.8099975585938,43844800,0.003963635929681075,False,0.003963635929681075
2026-07-16,750.719970703125,46409800,-0.005418617756386079,False,-0.005418617756386079
2026-07-17,743.2899780273438,62651000,-0.009897156017872222,False,-0.009897156017872222
2026-07-20,742.0900268554688,50422300,-0.0016143782471810253,False,-0.0016143782471810253
2026-07-21,748.280029296875,34324300,0.008341309298597777,False,0.008341309298597777
2026-07-22,747.4099731445312,32836200,-0.0011627413779321527,False,-0.0011627413779321527
2026-07-23,738.1799926757812,55437300,-0.012349287272575782,False,-0.012349287272575782
2026-07-24,738.9299926757812,44782000,0.0010160123647910968,False,0.0010160123647910968
2026-07-27,739.0900268554688,41461200,0.0002165755636849287,False,0.0002165755636849287
2026-07-28,740.8599853515625,47322200,0.002394780651586048,False,0.002394780651586048
2026-07-29,729.4600219726562,70697200,-0.015387473482586067,False,-0.015387473482586067
2026-07-30,741.6900024414062,66811300,0.01676579949601198,False,0.015596387768707738
2026-07-31,747.030029296875,62445900,0.007199809675054292,False,0.007199809675054292
2026-08-03,757.6699829101562,59927500,0.01424300656734756,False,0.01424300656734756
2026-08-04,771.3300170898438,69154800,0.018029002715958642,False,0.015596387768707738
2026-08-05,769.7899780273438,44689100,-0.0019966020100066206,False,-0.0019966020100066206
2026-08-06,768.5599975585938,38416900,-0.001597813044932006,False,-0.001597813044932006
2026-08-07,773.260009765625,43586300,0.006115348472417681,False,0.006115348472417681
2026-08-10,773.030029296875,39249500,-0.00029741673673222557,False,-0.00029741673673222557
2026-08-11,770.5599975585938,36740600,-0.0031952597501651026,False,-0.0031952597501651026
2026-08-12,772.489990234375,33179100,0.0025046624297864195,False,0.0025046624297864195
2026-08-13,777.8800048828125,35634500,0.006977455651952402,False,0.006977455651952402
2026-08-14,776.3400268554688,31367900,-0.0019797115463531245,False,-0.0019797115463531245
2026-08-17,772.6699829101562,34356600,-0.004727366641364417,False,-0.004727366641364417
2026-08-18,767.4500122070312,43920900,-0.006755757074274671,False,-0.006755757074274671
2026-08-19,769.0599975585938,40306000,0.00209783741736147,False,0.00209783741736147
2026-08-20,762.5999755859375,45520300,-0.008399893367440514,False,-0.008399893367440514
