date,close,volume
2015-01-02,169.68788146972656,121465900
2015-01-05,166.62335205078125,169632600
2015-01-06,165.053955078125,209151400
2015-01-07,167.11070251464844,125346700
2015-01-08,170.0760498046875,147217800
2015-01-09,168.7131805419922,158567300
2015-01-12,167.39151000976562,144396100
2015-01-13,166.9207305908203,214553300
2015-01-14,165.91294860839844,192991100
2015-01-15,164.3931121826172,176613900
2015-01-16,166.5489959716797,211879600
2015-01-20,166.90419006347656,130991100
2015-01-21,167.7467041015625,122942700
2015-01-22,170.24127197265625,174356000
2015-01-23,169.30784606933594,117516800
2015-01-26,169.7043914794922,92009700
2015-01-27,167.46583557128906,134044600
2015-01-28,165.3182373046875,168514300
2015-01-29,166.84637451171875,173585400
2015-01-30,164.74830627441406,197729700
2015-02-02,166.78854370117188,163107000
2015-02-03,169.20050048828125,124212900
2015-02-04,168.55625915527344,134306700
2015-02-05,170.2578125,97953200
2015-02-06,169.78697204589844,125672000
2015-02-09,169.02696228027344,87219000
2015-02-10,170.8278045654297,96164200
2015-02-11,170.9268798828125,91087800
2015-02-12,172.57064819335938,97545900
2015-02-13,173.2810516357422,93670400
2015-02-17,173.55360412597656,76968200
2015-02-18,173.5701141357422,80652900
2015-02-19,173.44622802734375,91462500
2015-02-20,174.48699951171875,140896400
2015-02-23,174.46221923828125,74411100
2015-02-24,174.95779418945312,72472300
2015-02-25,174.80909729003906,73061700
2015-02-26,174.6026153564453,72697900
2015-02-27,174.00791931152344,108076000
2015-03-02,175.1064910888672,87491400
2015-03-03,174.38787841796875,110325800
2015-03-04,173.65272521972656,114497200
2015-03-05,173.84266662597656,76873000
2015-03-06,171.3976593017578,188128000
2015-03-09,172.1080780029297,89818900
2015-03-10,169.31613159179688,157121300
2015-03-11,168.91961669921875,110145700
2015-03-12,171.06727600097656,93993500
2015-03-13,170.0182647705078,162410900
2015-03-16,172.28981018066406,136099200
2015-03-17,171.7776641845703,94510400
2015-03-18,173.84266662597656,228808500
2015-03-19,173.0497283935547,117917300
2015-03-20,174.57720947265625,177715100
2015-03-23,174.23699951171875,71784500
2015-03-24,173.25804138183594,77805300
2015-03-25,170.71908569335938,159521700
2015-03-26,170.3125457763672,153067200
2015-03-27,170.7024688720703,118939000
2015-03-30,172.78501892089844,96180400
2015-03-31,171.2750244140625,126768700
2015-04-01,170.66929626464844,137303600
2015-04-02,171.28330993652344,86900900
2015-04-06,172.4365692138672,114368200
2015-04-07,171.98023986816406,81236300
2015-04-08,172.56106567382812,89351900
2015-04-09,173.32431030273438,85548900
2015-04-10,174.27020263671875,72722900
2015-04-13,173.48199462890625,74436600
2015-04-14,173.81393432617188,75099900
2015-04-15,174.59376525878906,99529300
2015-04-16,174.5440216064453,68934900
2015-04-17,172.5361785888672,191113200
2015-04-20,174.1125946044922,92189500
2015-04-21,173.9051513671875,72559800
2015-04-22,174.75973510742188,78264600
2015-04-23,175.19949340820312,102585900
2015-04-24,175.60601806640625,61327400
2015-04-27,174.8759002685547,79358100
2015-04-28,175.43174743652344,86863500
2015-04-29,174.70997619628906,125684900
2015-04-30,172.9593048095703,161304900
2015-05-01,174.83441162109375,103399700
2015-05-04,175.332275390625,70927200
2015-05-05,173.32431030273438,113326200
2015-05-06,172.61083984375,135060200
2015-05-07,173.2994842529297,88244900
2015-05-08,175.58116149902344,155877300
2015-05-11,174.74313354492188,75708100
2015-05-12,174.2205047607422,119727600
2015-05-13,174.253662109375,94667900
2015-05-14,176.0706787109375,95934000
2015-05-15,176.26153564453125,76510100
2015-05-18,176.80906677246094,74549700
2015-05-19,176.7510528564453,72114600
2015-05-20,176.62649536132812,76857500
2015-05-21,177.14096069335938,64764600
2015-05-22,176.71786499023438,57433500
2015-05-26,174.8178253173828,124308600
2015-05-27,176.47715759277344,93214000
2015-05-28,176.27810668945312,74974600
2015-05-29,175.182861328125,124919600
2015-06-01,175.53965759277344,93338800
2015-06-02,175.3654022216797,91531000
2015-06-03,175.83004760742188,87820900
2015-06-04,174.3448944091797,151882800
2015-06-05,174.0462188720703,121704700
2015-06-08,172.9758758544922,89063300
2015-06-09,172.95101928710938,105034700
2015-06-10,175.0252227783203,134551300
2015-06-11,175.58941650390625,73876400
2015-06-12,174.24533081054688,135382400
2015-06-15,173.49859619140625,124384200
2015-06-16,174.4444580078125,85308200
2015-06-17,174.7265625,126708600
2015-06-18,176.54354858398438,165867900
2015-06-19,175.75991821289062,130478700
2015-06-22,176.6603240966797,70696000
2015-06-23,176.78536987304688,68476800
2015-06-24,175.50144958496094,92307300
2015-06-25,174.96780395507812,97107400
2015-06-26,174.93450927734375,104174800
2015-06-29,171.2660369873047,202621300
2015-06-30,171.6245880126953,182925100
2015-07-01,173.00013732910156,135979900
2015-07-02,172.841796875,104373700
2015-07-06,172.34986877441406,117975400
2015-07-07,173.43382263183594,173820200
2015-07-08,170.5240478515625,164020100
2015-07-09,170.83250427246094,144113100
2015-07-10,172.98353576660156,129456900
2015-07-13,174.892822265625,106069400
2015-07-14,175.6514892578125,81709600
2015-07-15,175.59312438964844,97914100
2015-07-16,177.0021514892578,106683300
2015-07-17,177.15220642089844,89030000
2015-07-20,177.24391174316406,70446800
2015-07-21,176.54356384277344,77965000
2015-07-22,176.22674560546875,88667900
2015-07-23,175.23460388183594,90509100
2015-07-24,173.4170684814453,117755000
2015-07-27,172.4082489013672,132361100
2015-07-28,174.52598571777344,123544800
2015-07-29,175.72653198242188,105791300
2015-07-30,175.7682342529297,91304400
2015-07-31,175.50144958496094,103266900
2015-08-03,174.9094696044922,113965700
2015-08-04,174.5676727294922,81820800
2015-08-05,175.1428985595703,85786800
2015-08-06,173.70889282226562,116030800
2015-08-07,173.3754119873047,117858000
2015-08-10,175.55979919433594,80270700
2015-08-11,173.97564697265625,126081400
2015-08-12,174.18414306640625,172123700
2015-08-13,173.9673614501953,89383300
2015-08-14,174.6009979248047,72786500
2015-08-17,175.57644653320312,79072600
2015-08-18,175.06793212890625,71692700
2015-08-19,173.6839141845703,172946000
2015-08-20,170.05711364746094,194327900
2015-08-21,164.93798828125,346588500
2015-08-24,157.992919921875,507244300
2015-08-25,156.13372802734375,369833100
2015-08-26,162.12832641601562,339257000
2015-08-27,166.13856506347656,274143900
2015-08-28,166.1468963623047,160414400
2015-08-31,164.80455017089844,163298800
2015-09-01,159.88552856445312,256000400
2015-09-02,162.92031860351562,160269300
2015-09-03,163.037109375,152087800
2015-09-04,160.56922912597656,207081000
2015-09-08,164.60452270507812,116025700
2015-09-09,162.40338134765625,149347700
2015-09-10,163.28720092773438,158611100
2015-09-11,164.02923583984375,119691200
2015-09-14,163.42059326171875,79452000
2015-09-15,165.4632110595703,113806200
2015-09-16,166.89723205566406,99581600
2015-09-17,166.52206420898438,276046600
2015-09-18,163.8008575439453,223657500
2015-09-21,164.64732360839844,105726200
2015-09-22,162.51019287109375,153890900
2015-09-23,162.25045776367188,92790600
2015-09-24,161.66380310058594,159378800
2015-09-25,161.62191772460938,155054800
2015-09-28,157.5655975341797,178515900
2015-09-29,157.65777587890625,159045600
2015-09-30,160.59947204589844,163452000
2015-10-01,161.01849365234375,131079000
2015-10-02,163.4237518310547,211003300
2015-10-05,166.33180236816406,126320800
2015-10-06,165.7619171142578,110274500
2015-10-07,167.1196746826172,124307300
2015-10-08,168.62818908691406,153055200
2015-10-09,168.72874450683594,107069200
2015-10-12,168.88796997070312,56395600
2015-10-13,167.8236541748047,88038700
2015-10-14,167.01905822753906,99106200
2015-10-15,169.58351135253906,134142200
2015-10-16,170.35458374023438,114580100
2015-10-19,170.43844604492188,76523900
2015-10-20,170.22044372558594,78448500
2015-10-21,169.16456604003906,102038000
2015-10-22,172.02230834960938,174911700
2015-10-23,173.90794372558594,144442300
2015-10-26,173.4805450439453,69033000
2015-10-27,173.14540100097656,77905800
2015-10-28,175.1148223876953,135906700
2015-10-29,175.01425170898438,90525500
2015-10-30,174.25999450683594,131076900
2015-11-02,176.32168579101562,86270800
2015-11-03,176.83285522460938,95246100
2015-11-04,176.29653930664062,96224500
2015-11-05,176.12045288085938,78408700
2015-11-06,176.0282745361328,110471500
2015-11-09,174.38565063476562,131008700
2015-11-10,174.78799438476562,75874600
2015-11-11,174.10079956054688,67846000
2015-11-12,171.6703338623047,121315200
2015-11-13,169.74276733398438,153577100
2015-11-16,172.3240203857422,117645200
2015-11-17,172.19833374023438,121123700
2015-11-18,174.93038940429688,121342500
2015-11-19,174.77951049804688,88220500
2015-11-20,175.41648864746094,94011500
2015-11-23,175.21539306640625,64931200
2015-11-24,175.4500732421875,98874400
2015-11-25,175.4249267578125,51980100
2015-11-27,175.62603759765625,37317800
2015-11-30,174.89694213867188,112822700
2015-12-01,176.56466674804688,97858400
2015-12-02,174.76284790039062,108441300
2015-12-03,172.31565856933594,166224200
2015-12-04,175.67633056640625,192913900
2015-12-07,174.61196899414062,102027100
2015-12-08,173.438720703125,103372400
2015-12-09,172.0894012451172,162401500
2015-12-10,172.5335693359375,116128900
2015-12-11,169.18968200683594,211173300
2015-12-14,170.04446411132812,182385200
2015-12-15,171.82958984375,154069600
2015-12-16,174.3437957763672,197017000
2015-12-17,171.68710327148438,173092500
2015-12-18,168.6285400390625,251393500
2015-12-21,170.01954650878906,99094300
2015-12-22,171.5623779296875,111026200
2015-12-23,173.68687438964844,110987200
2015-12-24,173.4001922607422,48539600
2015-12-28,173.00396728515625,65899900
2015-12-29,174.8502655029297,92640700
2015-12-30,173.6109619140625,63317700
2015-12-31,171.874267578125,114877900
2016-01-04,169.47157287597656,222353500
2016-01-05,169.7581787109375,110845800
2016-01-06,167.6168670654297,152112600
2016-01-07,163.595458984375,213436100
2016-01-08,161.79971313476562,209817200
2016-01-11,161.9598846435547,187941300
2016-01-12,163.26666259765625,172330500
2016-01-13,159.1947479248047,221168900
2016-01-14,161.80821228027344,240795600
2016-01-15,158.3347625732422,324846400
2016-01-19,158.5454864501953,195244400
2016-01-20,156.51373291015625,286547800
2016-01-21,157.39051818847656,195772900
2016-01-22,160.61944580078125,168319600
2016-01-25,158.19140625,130371700
2016-01-26,160.3496856689453,141036800
2016-01-27,158.60458374023438,185681700
2016-01-28,159.4307098388672,143798800
2016-01-29,163.31712341308594,210529300
2016-02-01,163.2581787109375,136061600
2016-02-02,160.31593322753906,182564900
2016-02-03,161.27699279785156,205054900
2016-02-04,161.52993774414062,139531800
2016-02-05,158.45281982421875,180788300
2016-02-08,156.31982421875,191526700
2016-02-09,156.3282928466797,184513100
2016-02-10,156.19338989257812,148214100
2016-02-11,154.16160583496094,219058900
2016-02-12,157.3399200439453,127632400
2016-02-16,159.99559020996094,120250700
2016-02-17,162.6090545654297,136009500
2016-02-18,161.9430389404297,102343000
2016-02-19,161.8671875,114793000
2016-02-22,164.2108612060547,103640300
2016-02-23,162.136962890625,111455300
2016-02-24,162.87889099121094,150812200
2016-02-25,164.85159301757812,110728300
2016-02-26,164.47218322753906,129833700
2016-02-29,163.18235778808594,125918100
2016-03-01,167.0182647705078,141799700
2016-03-02,167.7685546875,102415000
2016-03-03,168.4261474609375,95172200
2016-03-04,168.9741973876953,129293600
2016-03-07,169.1090545654297,100219000
2016-03-08,167.2627410888672,123974900
2016-03-09,168.08895874023438,94801200
2016-03-10,168.22381591796875,156838700
2016-03-11,170.93849182128906,137964500
2016-03-14,170.71926879882812,73612000
2016-03-15,170.4410400390625,93169100
2016-03-16,171.42745971679688,129303200
2016-03-17,172.51498413085938,134278500
2016-03-18,173.19296264648438,138372400
2016-03-21,173.4386749267578,72926700
2016-03-22,173.3454132080078,97471900
2016-03-23,172.20144653320312,81052500
2016-03-24,172.12515258789062,84360900
2016-03-28,172.22686767578125,62408200
2016-03-29,173.8200225830078,92922900
2016-03-30,174.58270263671875,86365300
2016-03-31,174.1589813232422,94584100
2016-04-01,175.34532165527344,114423500
2016-04-04,174.77755737304688,63497000
2016-04-05,173.03187561035156,99662200
2016-04-06,174.921630859375,91839800
2016-04-07,172.82852172851562,113859000
2016-04-08,173.2946319580078,95040600
2016-04-11,172.88784790039062,83757500
2016-04-12,174.4979705810547,115350600
2016-04-13,176.2605438232422,96336400
2016-04-14,176.2689971923828,65212900
2016-04-15,176.07406616210938,75761600
2016-04-18,177.31134033203125,82531000
2016-04-19,177.87059020996094,88316100
2016-04-20,178.0400390625,81100300
2016-04-21,177.08255004882812,85695000
2016-04-22,177.08255004882812,99251700
2016-04-25,176.7774658203125,66166500
2016-04-26,177.04014587402344,75864200
2016-04-27,177.40455627441406,77329400
2016-04-28,175.79441833496094,97216200
2016-04-29,174.84535217285156,142424100
2016-05-02,176.23512268066406,62188000
2016-05-03,174.7012939453125,106422100
2016-05-04,173.7267608642578,92243800
2016-05-05,173.69287109375,67619200
2016-05-06,174.3284149169922,89315000
2016-05-09,174.4724884033203,74374900
2016-05-10,176.64183044433594,77472200
2016-05-11,174.98944091796875,81727000
2016-05-12,175.0402374267578,89586300
2016-05-13,173.514892578125,96474600
2016-05-16,175.22669982910156,77486800
2016-05-17,173.59120178222656,114924900
2016-05-18,173.6420440673828,120062100
2016-05-19,173.04039001464844,115430500
2016-05-20,174.13351440429688,104990400
2016-05-23,173.89627075195312,58682600
2016-05-24,176.1503448486328,93537800
2016-05-25,177.34519958496094,76621400
2016-05-26,177.39605712890625,55280700
2016-05-27,178.15870666503906,64211200
2016-05-31,177.8197479248047,109879400
2016-06-01,178.1841278076172,69936200
2016-06-02,178.72642517089844,63044700
2016-06-03,178.19265747070312,101757100
2016-06-06,179.0992889404297,64887000
2016-06-07,179.37901306152344,60974800
2016-06-08,179.9636993408203,66170900
2016-06-09,179.71795654296875,73786900
2016-06-10,178.0146484375,113829200
2016-06-13,176.64183044433594,117751200
2016-06-14,176.2943878173828,125059300
2016-06-15,176.0486602783203,109124500
2016-06-16,176.57408142089844,149533100
2016-06-17,175.91641235351562,117055700
2016-06-20,177.04937744140625,82789600
2016-06-21,177.55191040039062,72461700
2016-06-22,177.26239013671875,95560500
2016-06-23,179.5707244873047,102731400
2016-06-24,173.1225128173828,333444400
2016-06-27,170.0219268798828,230775800
2016-06-28,173.08847045898438,159382400
2016-06-29,176.03575134277344,137328600
2016-06-30,178.43785095214844,165021900
2016-07-01,178.8126220703125,106055300
2016-07-05,177.52642822265625,109803700
2016-07-06,178.5911102294922,96021500
2016-07-07,178.48043823242188,85593800
2016-07-08,181.13804626464844,133971000
2016-07-11,181.77691650390625,73633900
2016-07-12,183.0972442626953,101275600
2016-07-13,183.07168579101562,87324100
2016-07-14,184.0938720703125,91230900
2016-07-15,183.8468780517578,107155400
2016-07-18,184.34092712402344,58725900
2016-07-19,184.15350341796875,54345700
2016-07-20,184.92015075683594,58159500
2016-07-21,184.2216796875,67777300
2016-07-22,185.04794311523438,62787500
2016-07-25,184.5453338623047,55873100
2016-07-26,184.63047790527344,70080500
2016-07-27,184.4346160888672,84083900
2016-07-28,184.6475372314453,65035700
2016-07-29,184.9456787109375,79519400
2016-08-01,184.7923583984375,73311400
2016-08-02,183.6083526611328,92295500
2016-08-03,184.1449737548828,53993600
2016-08-04,184.34092712402344,46585500
2016-08-05,185.84857177734375,71892200
2016-08-08,185.7378387451172,39906500
2016-08-09,185.84857177734375,51251700
2016-08-10,185.38865661621094,57941100
2016-08-11,186.2489776611328,72504300
2016-08-12,186.087158203125,61313500
2016-08-15,186.62371826171875,49813500
2016-08-16,185.66123962402344,53213600
2016-08-17,186.0104522705078,75134300
2016-08-18,186.42782592773438,52989300
2016-08-19,186.1552734375,75443000
2016-08-22,186.14671325683594,61368800
2016-08-23,186.52157592773438,53399200
2016-08-24,185.56748962402344,71728900
2016-08-25,185.43975830078125,69224800
2016-08-26,185.0904998779297,122506300
2016-08-29,186.00193786621094,70502200
2016-08-30,185.6952667236328,58114500
2016-08-31,185.16720581054688,85269500
2016-09-01,185.17567443847656,97844200
2016-09-02,186.0104522705078,79293900
2016-09-06,186.57269287109375,56702100
2016-09-07,186.55560302734375,76554900
2016-09-08,186.12973022460938,74102900
2016-09-09,181.6747283935547,221589100
2016-09-12,184.28126525878906,168110900
2016-09-13,181.63211059570312,182828800
2016-09-14,181.5640106201172,134185500
2016-09-15,183.37831115722656,134427900
2016-09-16,182.6694793701172,155236400
2016-09-19,182.70370483398438,80250500
2016-09-20,182.71226501464844,69665300
2016-09-21,184.76695251464844,110284400
2016-09-22,185.93128967285156,76678700
2016-09-23,184.91250610351562,73630900
2016-09-26,183.41429138183594,89827300
2016-09-27,184.55294799804688,78494800
2016-09-28,185.46897888183594,87411000
2016-09-29,183.79100036621094,128070600
2016-09-30,185.1779022216797,117202900
2016-10-03,184.732666015625,83512100
2016-10-04,183.79100036621094,119948100
2016-10-05,184.6042938232422,72816000
2016-10-06,184.732666015625,62927400
2016-10-07,184.09915161132812,89788300
2016-10-10,185.05804443359375,51855000
2016-10-11,182.72080993652344,130367400
2016-10-12,182.96058654785156,73866100
2016-10-13,182.36126708984375,101357000
2016-10-14,182.4554901123047,93346200
2016-10-17,181.82196044921875,58275700
2016-10-18,182.96058654785156,76869700
2016-10-19,183.44851684570312,66519200
2016-10-20,183.10609436035156,73639800
2016-10-21,183.19168090820312,89089100
2016-10-24,183.97076416015625,60146600
2016-10-25,183.35435485839844,66542300
2016-10-26,182.98629760742188,75705500
2016-10-27,182.49826049804688,77220200
2016-10-28,181.9589385986328,140623200
2016-10-31,181.9674835205078,61272500
2016-11-01,180.64903259277344,122781800
2016-11-02,179.56173706054688,103330800
2016-11-03,178.7398681640625,88939300
2016-11-04,178.54298400878906,109122100
2016-11-07,182.48114013671875,109794900
2016-11-08,183.30300903320312,106772100
2016-11-09,185.24642944335938,258429000
2016-11-10,185.70870971679688,172113300
2016-11-11,185.2806396484375,100552700
2016-11-14,185.42616271972656,94580000
2016-11-15,186.8730010986328,91652600
2016-11-16,186.52200317382812,65617700
2016-11-17,187.4808349609375,69797200
2016-11-18,187.0613555908203,86265800
2016-11-21,188.4739532470703,72402600
2016-11-22,188.842041015625,67429000
2016-11-23,188.94479370117188,56620200
2016-11-25,189.64683532714844,37872300
2016-11-28,188.7564697265625,76572500
2016-11-29,189.12461853027344,69886700
2016-11-30,188.67086791992188,113291800
2016-12-01,187.97747802734375,79040500
2016-12-02,188.07156372070312,74840300
2016-12-05,189.20167541503906,67837800
2016-12-06,189.80084228515625,59877400
2016-12-07,192.28366088867188,110738100
2016-12-08,192.75450134277344,99714400
2016-12-09,193.91883850097656,88005800
2016-12-12,193.69627380371094,102016100
2016-12-13,194.989013671875,110477500
2016-12-14,193.37948608398438,142501800
2016-12-15,194.17567443847656,124972600
2016-12-16,193.7958984375,156420200
2016-12-19,194.21786499023438,90341100
2016-12-20,194.967041015625,89838800
2016-12-21,194.424560546875,67909000
2016-12-22,194.0886688232422,56219100
2016-12-23,194.37289428710938,36697800
2016-12-27,194.85513305664062,42672500
2016-12-28,193.24478149414062,64095000
2016-12-29,193.20172119140625,48696100
2016-12-30,192.4955596923828,108998300
2017-01-03,193.96815490722656,91366500
2017-01-04,195.12210083007812,78744400
2017-01-05,194.967041015625,78379000
2017-01-06,195.66458129882812,71559900
2017-01-09,195.0187530517578,46939700
2017-01-10,195.0187530517578,63771900
2017-01-11,195.5699005126953,74650000
2017-01-12,195.0790252685547,72113200
2017-01-13,195.52687072753906,62717900
2017-01-17,194.8379364013672,61240800
2017-01-18,195.26852416992188,54793300
2017-01-19,194.54513549804688,66608800
2017-01-20,195.25987243652344,129168600
2017-01-23,194.75180053710938,75061600
2017-01-24,196.00048828125,95555300
2017-01-25,197.6969757080078,84437700
2017-01-26,197.4902801513672,59970700
2017-01-27,197.1802978515625,59711100
2017-01-30,195.9574432373047,79737300
2017-01-31,195.94020080566406,75880800
2017-02-01,196.01771545410156,79117700
2017-02-02,196.1468963623047,69657600
2017-02-03,197.49893188476562,80563200
2017-02-06,197.14581298828125,57790100
2017-02-07,197.1544647216797,57931200
2017-02-08,197.41278076171875,51566200
2017-02-09,198.583984375,65955200
2017-02-10,199.36766052246094,66015900
2017-02-13,200.4527130126953,55182100
2017-02-14,201.25360107421875,71109000
2017-02-15,202.3041534423828,86785800
2017-02-16,202.13197326660156,84722400
2017-02-17,202.45054626464844,77204100
2017-02-21,203.65615844726562,88946100
2017-02-22,203.47535705566406,62115200
2017-02-23,203.61312866210938,74615900
2017-02-24,203.87152099609375,82381600
2017-02-27,204.19012451171875,56515400
2017-02-28,203.6389923095703,96961900
2017-03-01,206.48947143554688,149158200
2017-03-02,205.18911743164062,70246000
2017-03-03,205.3182830810547,81974300
2017-03-06,204.7068634033203,55391500
2017-03-07,204.09539794921875,65103700
2017-03-08,203.71649169921875,78168800
2017-03-09,203.974853515625,90683900
2017-03-10,204.6896514892578,81991700
2017-03-13,204.79295349121094,57256800
2017-03-14,204.0093231201172,59880800
2017-03-15,205.77467346191406,96081800
2017-03-16,205.36990356445312,78344000
2017-03-17,205.00924682617188,89002100
2017-03-20,204.7843780517578,52537000
2017-03-21,202.1550750732422,131809300
2017-03-22,202.63072204589844,97569200
2017-03-23,202.41458129882812,100410300
2017-03-24,202.2675018310547,112504900
2017-03-27,202.05990600585938,87454500
2017-03-28,203.53028869628906,93483900
2017-03-29,203.7205352783203,61950400
2017-03-30,204.36923217773438,56737900
2017-03-31,203.89356994628906,73733100
2017-04-03,203.5388946533203,85546500
2017-04-04,203.66864013671875,56466200
2017-04-05,203.06321716308594,108800600
2017-04-06,203.63409423828125,69135800
2017-04-07,203.42645263671875,74412300
2017-04-10,203.5475616455078,67615300
2017-04-11,203.30535888671875,88045300
2017-04-12,202.41458129882812,81864400
2017-04-13,201.099853515625,92880400
2017-04-17,202.88157653808594,68405400
2017-04-18,202.27618408203125,83225800
2017-04-19,201.9042510986328,68699900
2017-04-20,203.5475616455078,92572200
2017-04-21,202.89889526367188,110389800
2017-04-24,205.13035583496094,119209900
2017-04-25,206.32391357421875,76698300
2017-04-26,206.19418334960938,84702500
2017-04-27,206.36717224121094,57410300
2017-04-28,205.91744995117188,63532800
2017-05-01,206.4363555908203,66882500
2017-05-02,206.5142059326172,57375700
2017-05-03,206.26341247558594,73137700
2017-05-04,206.50558471679688,61462700
2017-05-05,207.3185577392578,62001300
2017-05-08,207.28399658203125,48385700
2017-05-09,207.09373474121094,51363200
2017-05-10,207.46556091308594,54293800
2017-05-11,207.04177856445312,62358300
2017-05-12,206.69581604003906,53912700
2017-05-15,207.83755493164062,61918900
2017-05-16,207.64727783203125,51241800
2017-05-17,203.9627227783203,172174100
2017-05-18,204.7843780517578,107047700
2017-05-19,206.1163330078125,115011400
2017-05-22,207.162841796875,61010600
2017-05-23,207.62124633789062,48341700
2017-05-24,208.10562133789062,46927700
2017-05-25,209.10025024414062,64071700
2017-05-26,209.05703735351562,46629900
2017-05-30,208.87542724609375,35201900
2017-05-31,208.8235321044922,91796000
2017-06-01,210.48416137695312,68962000
2017-06-02,211.18472290039062,88666100
2017-06-05,211.02902221679688,44698800
2017-06-06,210.3544158935547,50375400
2017-06-07,210.7435760498047,54144300
2017-06-08,210.847412109375,65950700
2017-06-09,210.5273895263672,132256400
2017-06-12,210.48416137695312,86108100
2017-06-13,211.5133819580078,60067000
2017-06-14,211.24522399902344,78602300
2017-06-15,210.8387451171875,66464900
2017-06-16,210.88479614257812,84553100
2017-06-19,212.64047241210938,65123800
2017-06-20,211.2063751220703,56906400
2017-06-21,211.15420532226562,55977600
2017-06-22,211.05862426757812,44148100
2017-06-23,211.3106689453125,66986800
2017-06-26,211.4497833251953,56700500
2017-06-27,209.74624633789062,82247700
2017-06-28,211.62355041503906,70042600
2017-06-29,209.7636260986328,106949700
2017-06-30,210.15478515625,86820700
2017-07-03,210.51107788085938,39153800
2017-07-05,210.99781799316406,54427600
2017-07-06,209.06832885742188,65400800
2017-07-07,210.42417907714844,57972300
2017-07-10,210.65017700195312,36663300
2017-07-11,210.49371337890625,50354600
2017-07-12,212.0755157470703,59610400
2017-07-13,212.431884765625,39471600
2017-07-14,213.42263793945312,60262700
2017-07-17,213.39659118652344,33531900
2017-07-18,213.5095672607422,42742500
2017-07-19,214.6654510498047,51034300
2017-07-20,214.76109313964844,47135200
2017-07-21,214.56991577148438,82340800
2017-07-24,214.51771545410156,46622300
2017-07-25,215.03919982910156,54915600
2017-07-26,215.0479736328125,47575400
2017-07-27,214.84805297851562,70766600
2017-07-28,214.595947265625,50088400
2017-07-31,214.47430419921875,65838700
2017-08-01,214.9523468017578,55050400
2017-08-02,215.056640625,47211200
2017-08-03,214.63943481445312,40856000
2017-08-04,215.0305633544922,60191800
2017-08-07,215.43035888671875,31995000
2017-08-08,214.90020751953125,61719400
2017-08-09,214.8914794921875,62632600
2017-08-10,211.85818481445312,120479500
2017-08-11,212.1710968017578,74869900
2017-08-14,214.27438354492188,73291900
2017-08-15,214.24838256835938,55242700
2017-08-16,214.62200927734375,56715500
2017-08-17,211.27590942382812,128490400
2017-08-18,210.9456329345703,136748000
2017-08-21,211.11080932617188,65469700
2017-08-22,213.31837463378906,63140100
2017-08-23,212.55352783203125,50203800
2017-08-24,212.05809020996094,50741700
2017-08-25,212.55352783203125,64445900
2017-08-28,212.562255859375,40565600
2017-08-29,212.80557250976562,51135700
2017-08-30,213.8137969970703,62030800
2017-08-31,215.10006713867188,103803900
2017-09-01,215.40423583984375,62007000
2017-09-05,213.85723876953125,91398800
2017-09-06,214.58726501464844,57916900
2017-09-07,214.5612030029297,58034700
2017-09-08,214.3091278076172,63832800
2017-09-11,216.59494018554688,71364800
2017-09-12,217.32504272460938,56896000
2017-09-13,217.42930603027344,59228000
2017-09-14,217.3598175048828,95446300
2017-09-15,217.6524200439453,95432400
2017-09-18,218.1153564453125,46235200
2017-09-19,218.3336944580078,47108100
2017-09-20,218.41226196289062,59574100
2017-09-21,217.8271026611328,48211400
2017-09-22,217.8708038330078,51214000
2017-09-25,217.42532348632812,57064400
2017-09-26,217.5563201904297,54082000
2017-09-27,218.40357971191406,81001400
2017-09-28,218.66558837890625,44778800
2017-09-29,219.43423461914062,85578000
2017-10-02,220.3863067626953,59023000
2017-10-03,220.85794067382812,66810200
2017-10-04,221.1199493408203,55953600
2017-10-05,222.43011474609375,63522800
2017-10-06,222.17678833007812,80646000
2017-10-09,221.8099822998047,35803100
2017-10-10,222.39515686035156,43057400
2017-10-11,222.74456787109375,47674300
2017-10-12,222.41259765625,47065100
2017-10-13,222.6834716796875,54800400
2017-10-16,222.98040771484375,38221700
2017-10-17,223.13760375976562,31561000
2017-10-18,223.35595703125,40888300
2017-10-19,223.41712951660156,61903800
2017-10-20,224.5700225830078,89176400
2017-10-23,223.6966094970703,63915300
2017-10-24,224.0896453857422,66935900
2017-10-25,222.98040771484375,103715300
2017-10-26,223.2686309814453,69798000
2017-10-27,225.09410095214844,85562500
2017-10-30,224.25558471679688,54285700
2017-10-31,224.60501098632812,60304800
2017-11-01,224.90196228027344,54202700
2017-11-02,224.98931884765625,56449500
2017-11-03,225.740478515625,59589700
2017-11-06,226.08985900878906,49652600
2017-11-07,225.93263244628906,57502200
2017-11-08,226.31692504882812,50469600
2017-11-09,225.49598693847656,95085500
2017-11-10,225.42604064941406,59984700
2017-11-13,225.63560485839844,50228600
2017-11-14,225.111572265625,61315200
2017-11-15,223.98484802246094,80811500
2017-11-16,225.88893127441406,67777000
2017-11-17,225.22508239746094,75756800
2017-11-20,225.6094512939453,48075500
2017-11-21,227.08555603027344,69176800
2017-11-22,226.8845977783203,45033400
2017-11-24,227.40866088867188,27856500
2017-11-27,227.2952117919922,52274900
2017-11-28,229.60108947753906,98971700
2017-11-29,229.46127319335938,77512100
2017-11-30,231.4702606201172,127894400
2017-12-01,230.98977661132812,164390900
2017-12-04,230.71041870117188,94040600
2017-12-05,229.88058471679688,77994500
2017-12-06,229.9242401123047,75898600
2017-12-07,230.64923095703125,77218600
2017-12-08,231.90692138671875,76563900
2017-12-11,232.605712890625,83077500
2017-12-12,233.0161590576172,85195800
2017-12-13,232.9900360107422,102905400
2017-12-14,232.03802490234375,100666700
2017-12-15,233.97023010253906,144610300
2017-12-18,235.4539794921875,83653600
2017-12-19,234.54965209960938,82382900
2017-12-20,234.42677307128906,76751500
2017-12-21,234.9095458984375,67032300
2017-12-22,234.84817504882812,78720900
2017-12-26,234.56719970703125,45244400
2017-12-27,234.6813201904297,57751000
2017-12-28,235.16419982910156,45116100
2017-12-29,234.2774658203125,96007400
2018-01-02,235.95431518554688,86655700
2018-01-03,237.44676208496094,90070400
2018-01-04,238.44749450683594,80636400
2018-01-05,240.03662109375,83524000
2018-01-08,240.4754638671875,57319200
2018-01-09,241.01976013183594,57254000
2018-01-10,240.65103149414062,69574300
2018-01-11,242.40687561035156,62361500
2018-01-12,243.98709106445312,90816100
2018-01-16,243.15313720703125,106555100
2018-01-17,245.47076416015625,113258800
2018-01-18,245.05821228027344,100728000
2018-01-19,246.1730499267578,140920100
2018-01-22,248.17465209960938,91322400
2018-01-23,248.7014617919922,97084700
2018-01-24,248.60484313964844,134816100
2018-01-25,248.7102813720703,84587300
2018-01-26,251.58978271484375,107743100
2018-01-29,249.9217529296875,90118300
2018-01-30,247.35824584960938,131796400
2018-01-31,247.48117065429688,108364800
2018-02-01,247.20025634765625,90102500
2018-02-02,241.8186798095703,173174800
2018-02-05,231.70523071289062,294681800
2018-02-06,236.27035522460938,355026800
2018-02-07,234.98858642578125,167376100
2018-02-08,226.17445373535156,246449500
2018-02-09,229.57192993164062,283565300
2018-02-12,232.9430694580078,143736000
2018-02-13,233.52244567871094,81223600
2018-02-14,236.6742401123047,120735700
2018-02-15,239.69419860839844,111200300
2018-02-16,239.76441955566406,160420100
2018-02-20,238.26318359375,86369700
2018-02-21,237.07801818847656,98883700
2018-02-22,237.38522338867188,110511300
2018-02-23,241.16905212402344,92766400
2018-02-26,243.96949768066406,86491400
2018-02-27,240.92324829101562,99099200
2018-02-28,238.48272705078125,121907800
2018-03-01,235.01490783691406,176855100
2018-03-02,236.22637939453125,139083200
2018-03-05,238.95672607421875,97307400
2018-03-06,239.5624542236328,79213200
2018-03-07,239.47463989257812,87063500
2018-03-08,240.63357543945312,66901200
2018-03-09,244.82115173339844,113625300
2018-03-12,244.5138397216797,71924800
2018-03-13,242.9336700439453,91968900
2018-03-14,241.6870880126953,105895100
2018-03-15,241.4236602783203,83433000
2018-03-16,241.68540954589844,100343700
2018-03-19,238.4153594970703,109208400
2018-03-20,238.82083129882812,59757300
2018-03-21,238.36248779296875,78709600
2018-03-22,232.40411376953125,148785900
2018-03-23,227.45046997070312,183534800
2018-03-26,233.6732940673828,141956100
2018-03-27,229.69813537597656,129941400
2018-03-28,229.0194091796875,146452300
2018-03-29,231.9456787109375,111601600
2018-04-02,226.93927001953125,186286300
2018-04-03,229.84796142578125,119956900
2018-04-04,232.30714416503906,123715300
2018-04-05,234.14047241210938,82652600
2018-04-06,228.9224395751953,179521200
2018-04-09,230.0507049560547,105442900
2018-04-10,233.7085723876953,103529000
2018-04-11,232.48341369628906,91140200
2018-04-12,234.39602661132812,68890500
2018-04-13,233.7085723876953,85079200
2018-04-16,235.63006591796875,63405300
2018-04-17,238.15093994140625,64682000
2018-04-18,238.32723999023438,57303900
2018-04-19,237.0050811767578,77655900
2018-04-20,234.99542236328125,99953100
2018-04-23,234.96018981933594,65558000
2018-04-24,231.79591369628906,112885500
2018-04-25,232.36878967285156,103840900
2018-04-26,234.73101806640625,67731900
2018-04-27,234.95132446289062,57053600
2018-04-30,233.1444549560547,82182300
2018-05-01,233.55873107910156,74203400
2018-05-02,231.98980712890625,86368900
2018-05-03,231.47860717773438,136311500
2018-05-04,234.47543334960938,91222100
2018-05-07,235.2687530517578,55304900
2018-05-08,235.2687530517578,67499200
2018-05-09,237.54278564453125,59666100
2018-05-10,239.76388549804688,72063900
2018-05-11,240.4955291748047,59871500
2018-05-14,240.61007690429688,54790600
2018-05-15,238.9530487060547,87036100
2018-05-16,239.95782470703125,53942600
2018-05-17,239.75511169433594,56536400
2018-05-18,239.1556854248047,64368000
2018-05-21,240.9538116455078,58025900
2018-05-22,240.28399658203125,52966400
2018-05-23,240.94497680664062,64694200
2018-05-24,240.451416015625,76043800
2018-05-25,239.87843322753906,56374800
2018-05-29,237.11956787109375,115908600
2018-05-30,240.28399658203125,69678400
2018-05-31,238.81199645996094,93519900
2018-06-01,241.15664672851562,71258400
2018-06-04,242.30242919921875,45385200
2018-06-05,242.47865295410156,51135000
2018-06-06,244.50596618652344,62732200
2018-06-07,244.47955322265625,72969400
2018-06-08,245.2022247314453,72139700
2018-06-11,245.52838134765625,58892500
2018-06-12,245.8456268310547,72329000
2018-06-13,245.0612335205078,79070600
2018-06-14,245.6782989501953,77097600
2018-06-15,245.3648223876953,120041600
2018-06-18,244.86021423339844,52917600
2018-06-19,243.92166137695312,97531500
2018-06-20,244.33775329589844,53785500
2018-06-21,242.80613708496094,71061400
2018-06-22,243.2488555908203,54898500
2018-06-25,239.9375,137854200
2018-06-26,240.46868896484375,68547400
2018-06-27,238.47662353515625,105110700
2018-06-28,239.84014892578125,76650500
2018-06-29,240.18545532226562,97592500
2018-07-02,240.6988983154297,63554800
2018-07-03,239.84893798828125,42187100
2018-07-05,241.8056182861328,56925900
2018-07-06,243.85084533691406,66493700
2018-07-09,246.04647827148438,50550400
2018-07-10,246.93190002441406,51966800
2018-07-11,245.1257781982422,77054700
2018-07-12,247.34805297851562,60124700
2018-07-13,247.54283142089844,48216000
2018-07-16,247.32154846191406,48201000
2018-07-17,248.32196044921875,52315500
2018-07-18,248.84434509277344,44593500
2018-07-19,247.90589904785156,61412100
2018-07-20,247.62249755859375,82337700
2018-07-23,248.0829315185547,47047600
2018-07-24,249.33126831054688,68026900
2018-07-25,251.4562225341797,78882900
2018-07-26,250.8629913330078,57919500
2018-07-27,249.16305541992188,76768700
2018-07-30,247.86163330078125,63742500
2018-07-31,249.08340454101562,68570500
2018-08-01,248.66726684570312,53853300
2018-08-02,250.0220184326172,63426400
2018-08-03,251.09326171875,53935400
2018-08-06,252.01409912109375,39400900
2018-08-07,252.84629821777344,43196600
2018-08-08,252.7400665283203,42114600
2018-08-09,252.394775390625,35717000
2018-08-10,250.70372009277344,77076000
2018-08-13,249.76515197753906,65732900
2018-08-14,251.3588104248047,43842000
2018-08-15,249.48190307617188,102925400
2018-08-16,251.50048828125,69967900
2018-08-17,252.38592529296875,65618500
2018-08-20,252.92605590820312,39807500
2018-08-21,253.51914978027344,67272000
2018-08-22,253.36868286132812,44993300
2018-08-23,253.0322723388672,49204900
2018-08-24,254.55508422851562,57487400
2018-08-27,256.5647888183594,57072400
2018-08-28,256.6888732910156,46943500
2018-08-29,258.0699768066406,61485500
2018-08-30,257.0252685546875,61229500
2018-08-31,257.03411865234375,66140800
2018-09-04,256.59149169921875,57594400
2018-09-05,255.90090942382812,72452400
2018-09-06,255.13052368164062,65909900
2018-09-07,254.63470458984375,73524800
2018-09-10,255.077392578125,50210900
2018-09-11,255.91856384277344,50530500
2018-09-12,255.98048400878906,59810800
2018-09-13,257.49456787109375,51034200
2018-09-14,257.53875732421875,55079900
2018-09-17,256.17529296875,68244000
2018-09-18,257.56536865234375,61930400
2018-09-19,257.8397521972656,49080600
2018-09-20,259.9293212890625,100360600
2018-09-21,259.69183349609375,105479700
2018-09-24,258.8291320800781,53409600
2018-09-25,258.58905029296875,44370000
2018-09-26,257.81524658203125,79739700
2018-09-27,258.53558349609375,59249500
2018-09-28,258.56231689453125,70091400
2018-10-01,259.4606018066406,62078900
2018-10-02,259.30938720703125,47258200
2018-10-03,259.4517517089844,64694600
2018-10-04,257.4239196777344,111545900
2018-10-05,255.98309326171875,105951700
2018-10-08,255.98309326171875,87742200
2018-10-09,255.60963439941406,74339000
2018-10-10,247.51614379882812,214731000
2018-10-11,242.06414794921875,274840500
2018-10-12,245.42613220214844,183186500
2018-10-15,244.04751586914062,102263700
2018-10-16,249.38385009765625,118255800
2018-10-17,249.42837524414062,110626000
2018-10-18,245.8263397216797,134557500
2018-10-19,245.69296264648438,139901600
2018-10-22,244.590087890625,82415800
2018-10-23,243.34490966796875,146352700
2018-10-24,235.97190856933594,177806700
2018-10-25,240.2053985595703,138061500
2018-10-26,235.9808349609375,201574600
2018-10-29,234.67335510253906,160749100
2018-10-30,238.1509246826172,157116000
2018-10-31,240.6946258544922,128296300
2018-11-01,243.25596618652344,99495000
2018-11-02,241.81515502929688,122634100
2018-11-05,243.1492919921875,65622500
2018-11-06,244.68772888183594,60085900
2018-11-07,249.9263916015625,102752100
2018-11-08,249.4728240966797,65584900
2018-11-09,247.03590393066406,98812600
2018-11-12,242.4199981689453,99673600
2018-11-13,241.96633911132812,98176600
2018-11-14,240.31210327148438,125335900
2018-11-15,242.82022094726562,135101400
2018-11-16,243.45159912109375,126668000
2018-11-19,239.33377075195312,103061700
2018-11-20,234.9046173095703,136021300
2018-11-21,235.70509338378906,75563700
2018-11-23,234.130859375,42807900
2018-11-26,237.91073608398438,79981400
2018-11-27,238.7112274169922,75502400
2018-11-28,244.2075958251953,127629600
2018-11-29,243.67396545410156,82346400
2018-11-30,245.1593780517578,98204200
2018-12-03,248.40557861328125,103176300
2018-12-04,240.35662841796875,177986000
2018-12-06,239.991943359375,204185400
2018-12-07,234.41549682617188,161018900
2018-12-10,234.86021423339844,151445900
2018-12-11,234.91355895996094,121504400
2018-12-12,236.0964813232422,97976700
2018-12-13,236.016357421875,96662700
2018-12-14,231.65838623046875,116961100
2018-12-17,227.11363220214844,165492300
2018-12-18,226.8645782470703,134515100
2018-12-19,223.46714782714844,214992800
2018-12-20,219.82952880859375,252053400
2018-12-21,215.32530212402344,255345600
2018-12-24,209.63580322265625,147311600
2018-12-26,220.22760009765625,218485400
2018-12-27,221.9184112548828,186267300
2018-12-28,221.6321563720703,153100200
2018-12-31,223.5733642578125,144299400
2019-01-02,223.8059539794922,126925200
2019-01-03,218.46531677246094,144140700
2019-01-04,225.78297424316406,142628800
2019-01-07,227.56320190429688,103139100
2019-01-08,229.70120239257812,102512600
2019-01-09,230.7747344970703,95006600
2019-01-10,231.5887908935547,96823900
2019-01-11,231.67831420898438,73858100
2019-01-14,230.26480102539062,70908200
2019-01-15,232.90379333496094,85208300
2019-01-16,233.46743774414062,77636700
2019-01-17,235.23867797851562,96118400
2019-01-18,238.36972045898438,127900300
2019-01-22,235.14920043945312,115531200
2019-01-23,235.64126586914062,86030300
2019-01-24,235.76646423339844,59204100
2019-01-25,237.76136779785156,96883400
2019-01-28,235.95431518554688,85613700
2019-01-29,235.64126586914062,66136300
2019-01-30,239.37164306640625,92473700
2019-01-31,241.47389221191406,104012100
2019-02-01,241.59022521972656,85782500
2019-02-04,243.2898712158203,60744800
2019-02-05,244.30966186523438,79552800
2019-02-06,243.98773193359375,58347800
2019-02-07,241.66183471679688,95482000
2019-02-08,241.95692443847656,75788900
2019-02-11,242.09115600585938,68021400
2019-02-12,245.20436096191406,72270200
2019-02-13,246.00048828125,65277200
2019-02-14,245.45481872558594,83234400
2019-02-15,248.12953186035156,97088700
2019-02-19,248.55899047851562,59120800
2019-02-20,249.05992126464844,76610800
2019-02-21,248.17433166503906,64214700
2019-02-22,249.71299743652344,78114600
2019-02-25,250.05288696289062,69030700
2019-02-26,249.87405395507812,56844100
2019-02-27,249.76669311523438,56921600
2019-02-28,249.30145263671875,69268300
2019-03-01,250.85794067382812,78880500
2019-03-04,249.94554138183594,106494600
2019-03-05,249.60568237304688,59114600
2019-03-06,248.09371948242188,75039800
2019-03-07,246.01846313476562,94885100
2019-03-08,245.5262908935547,85795800
2019-03-11,249.08677673339844,65098900
2019-03-12,250.02603149414062,79667500
2019-03-13,251.6810760498047,80639200
2019-03-14,251.52003479003906,67518400
2019-03-15,252.76268005371094,81309000
2019-03-18,253.67919921875,62199800
2019-03-19,253.74215698242188,90268100
2019-03-20,252.97836303710938,84609200
2019-03-21,255.83570861816406,79550400
2019-03-22,250.91171264648438,122659300
2019-03-25,250.7230682373047,85575200
2019-03-26,252.59193420410156,68125900
2019-03-27,251.27113342285156,72224700
2019-03-28,252.22352600097656,56238500
2019-03-29,253.81394958496094,82186800
2019-04-01,256.8239440917969,77617900
2019-04-02,256.9498291015625,40070400
2019-04-03,257.3540954589844,68243200
2019-04-04,258.0369567871094,48997500
2019-04-05,259.28594970703125,58621700
2019-04-08,259.48370361328125,53566300
2019-04-09,258.1537780761719,66142300
2019-04-10,259.034423828125,52601500
2019-04-11,258.96246337890625,55093100
2019-04-12,260.71466064453125,69727800
2019-04-15,260.54388427734375,49596700
2019-04-16,260.71466064453125,52153200
2019-04-17,260.0766906738281,58268300
2019-04-18,260.58880615234375,68708500
2019-04-22,260.81341552734375,40160100
2019-04-23,263.1586608886719,52246600
2019-04-24,262.57452392578125,50392900
2019-04-25,262.41278076171875,57770900
2019-04-26,263.6347961425781,50916400
2019-04-29,264.0480651855469,57197700
2019-04-30,264.182861328125,81111700
2019-05-01,262.19708251953125,71671900
2019-05-02,261.63104248046875,65030200
2019-05-03,264.1918640136719,56543700
2019-05-06,263.104736328125,107198100
2019-05-07,258.7108459472656,144729900
2019-05-08,258.3514709472656,91568300
2019-05-09,257.5697326660156,103471100
2019-05-10,258.8636474609375,112429300
2019-05-13,252.35829162597656,127290500
2019-05-14,254.64065551757812,77003200
2019-05-15,256.1321716308594,73956400
2019-05-16,258.5042724609375,76749600
2019-05-17,256.8330078125,100353000
2019-05-20,255.1348876953125,62877600
2019-05-21,257.4350280761719,46847100
2019-05-22,256.6443176269531,49482500
2019-05-23,253.50848388671875,98733800
2019-05-24,254.08349609375,55268100
2019-05-28,251.7204132080078,70029400
2019-05-29,250.0312042236328,104972900
2019-05-30,250.71405029296875,62523800
2019-05-31,247.3356475830078,86862800
2019-06-03,246.7066650390625,96428000
2019-06-04,252.0618133544922,77231900
2019-06-05,254.24522399902344,71169700
2019-06-06,255.8986053466797,69430400
2019-06-07,258.45928955078125,74272200
2019-06-10,259.64532470703125,60799100
2019-06-11,259.5824890136719,58641300
2019-06-12,259.1242980957031,47096300
2019-06-13,260.19342041015625,48945200
2019-06-14,259.9059143066406,52324700
2019-06-17,260.0047912597656,39205700
2019-06-18,262.72723388671875,85434800
2019-06-19,263.32037353515625,78674400
2019-06-20,265.8360595703125,116570000
2019-06-21,265.4497375488281,83309500
2019-06-24,265.124755859375,47582700
2019-06-25,262.5245056152344,82028700
2019-06-26,262.2625427246094,51584900
2019-06-27,263.19256591796875,40355200
2019-06-28,264.54693603515625,59350900
2019-07-01,266.94854736328125,78705600
2019-07-02,267.6437683105469,61504500
2019-07-03,269.7835998535156,40898900
2019-07-05,269.4766540527344,51677300
2019-07-08,267.99591064453125,45841800
2019-07-09,268.3299255371094,41101300
2019-07-10,269.6119689941406,58448500
2019-07-11,270.24407958984375,50826100
2019-07-12,271.4539489746094,40326000
2019-07-15,271.5442810058594,33900000
2019-07-16,270.66845703125,36650100
2019-07-17,268.82659912109375,36036300
2019-07-18,269.8106994628906,51392600
2019-07-19,268.3118591308594,58678600
2019-07-22,268.97100830078125,43638100
2019-07-23,270.89410400390625,44564500
2019-07-24,272.167236328125,47213200
2019-07-25,270.8670654296875,55394100
2019-07-26,272.6817932128906,45084100
2019-07-29,272.1852722167969,38126500
2019-07-30,271.5172424316406,45849000
2019-07-31,268.5467529296875,104245200
2019-08-01,266.2080993652344,142646600
2019-08-02,264.2037353515625,116749700
2019-08-05,256.2582702636719,178745400
2019-08-06,259.8518981933594,120711700
2019-08-07,260.0053405761719,140572300
2019-08-08,265.10662841796875,87713900
2019-08-09,263.30084228515625,93730000
2019-08-12,260.0956115722656,65527600
2019-08-13,264.1405944824219,94299800
2019-08-14,256.3304443359375,135622100
2019-08-15,257.0077819824219,99556600
2019-08-16,260.7998352050781,83018300
2019-08-19,263.9418029785156,53571800
2019-08-20,261.9194030761719,51596400
2019-08-21,264.0502624511719,49524700
2019-08-22,263.9689636230469,51666400
2019-08-23,257.188232421875,149161500
2019-08-26,260.0323791503906,72423800
2019-08-27,259.0121154785156,66668900
2019-08-28,260.83599853515625,59696700
2019-08-29,264.1676330566406,57899400
2019-08-30,264.0502624511719,62901200
2019-09-03,262.5063171386719,69101400
2019-09-04,265.4858093261719,46887300
2019-09-05,268.8987731933594,83258100
2019-09-06,269.1064758300781,49584300
2019-09-09,269.2418212890625,51260300
2019-09-10,269.1786193847656,57947100
2019-09-11,271.0928039550781,68821100
2019-09-12,272.0317687988281,72908700
2019-09-13,271.8512268066406,62104800
2019-09-16,271.01153564453125,58191200
2019-09-17,271.69769287109375,41475500
2019-09-18,271.8602294921875,73375800
2019-09-19,271.84228515625,76560500
2019-09-20,270.5578308105469,89565000
2019-09-23,270.49420166015625,43476800
2019-09-24,268.3717346191406,94869400
2019-09-25,269.9591369628906,71854000
2019-09-26,269.3966979980469,56179700
2019-09-27,267.9454345703125,84746600
2019-09-30,269.1881408691406,51662400
2019-10-01,265.98614501953125,88242400
2019-10-02,261.2876281738281,122539500
2019-10-03,263.4283447265625,85278800
2019-10-04,266.99298095703125,65091200
2019-10-07,265.8411560058594,59610500
2019-10-08,261.7139587402344,95708100
2019-10-09,264.1993103027344,62359400
2019-10-10,265.98614501953125,55296300
2019-10-11,268.7436828613281,98720400
2019-10-14,268.4443664550781,40394800
2019-10-15,271.1020202636719,46754500
2019-10-16,270.6666564941406,48928200
2019-10-17,271.46484375,45736600
2019-10-18,270.2766418457031,64304000
2019-10-21,272.1088562011719,39048600
2019-10-22,271.219970703125,48594700
2019-10-23,272.009033203125,34352200
2019-10-24,272.4535217285156,35453100
2019-10-25,273.5692443847656,45205400
2019-10-28,275.11126708984375,42147000
2019-10-29,275.0295715332031,44284900
2019-10-30,275.8731384277344,49643900
2019-10-31,275.1383972167969,69053800
2019-11-01,277.6872863769531,71141500
2019-11-04,278.802978515625,60606900
2019-11-05,278.49456787109375,42933200
2019-11-06,278.55804443359375,46487100
2019-11-07,279.53765869140625,54272300
2019-11-08,280.22705078125,49032100
2019-11-11,279.69189453125,35797300
2019-11-12,280.28143310546875,46484600
2019-11-13,280.3721923828125,53917700
2019-11-14,280.7803649902344,51219900
2019-11-15,282.81219482421875,62023600
2019-11-18,283.0207214355469,49228000
2019-11-19,282.93902587890625,67804700
2019-11-20,281.8869934082031,79406200
2019-11-21,281.43341064453125,54664700
2019-11-22,282.0592956542969,44850200
2019-11-25,284.2452697753906,48647200
2019-11-26,284.88934326171875,37569000
2019-11-27,286.1592102050781,44444600
2019-11-29,285.09796142578125,36592700
2019-12-02,282.6761474609375,75767800
2019-12-03,280.7803649902344,73941700
2019-12-04,282.5128173828125,49080000
2019-12-05,283.0207214355469,40709000
2019-12-06,285.60595703125,48927000
2019-12-09,284.70794677734375,34838500
2019-12-10,284.3904724121094,52649800
2019-12-11,285.19775390625,53429100
2019-12-12,287.6558532714844,96389600
2019-12-13,287.8282165527344,81503900
2019-12-16,289.80560302734375,82749700
2019-12-17,289.86907958984375,61097700
2019-12-18,289.8871765136719,48133000
2019-12-19,291.0754699707031,85310500
2019-12-20,292.3515930175781,147142100
2019-12-23,292.7982177734375,52990000
2019-12-24,292.8072814941406,20270000
2019-12-26,294.3660888671875,30911200
2019-12-27,294.293212890625,42528800
2019-12-30,292.67059326171875,49729100
2019-12-31,293.381591796875,57077300
2020-01-02,296.1253356933594,59151200
2020-01-03,293.8829345703125,77709700
2020-01-06,295.0041198730469,55653900
2020-01-07,294.17462158203125,40496400
2020-01-08,295.7424621582031,68296000
2020-01-09,297.74774169921875,48473300
2020-01-10,296.89093017578125,53029300
2020-01-13,298.9327697753906,47086800
2020-01-14,298.47705078125,62832800
2020-01-15,299.1514892578125,72056600
2020-01-16,301.6399230957031,54050300
2020-01-17,302.5788879394531,95846000
2020-01-21,301.986328125,77742400
2020-01-22,302.02276611328125,48914900
2020-01-23,302.3692626953125,51963000
2020-01-24,299.68017578125,87578400
2020-01-27,294.87652587890625,84062500
2020-01-28,297.9665222167969,63834000
2020-01-29,297.720458984375,53888900
2020-01-30,298.6866760253906,75491800
2020-01-31,293.2631530761719,113845600
2020-02-03,295.4416809082031,69083000
2020-02-04,299.944580078125,62573200
2020-02-05,303.4082946777344,65951100
2020-02-06,304.4292907714844,50359700
2020-02-07,302.80670166015625,64139400
2020-02-10,305.0672912597656,42070000
2020-02-11,305.595947265625,54864500
2020-02-12,307.56494140625,43992700
2020-02-13,307.2367248535156,54501900
2020-02-14,307.72894287109375,64582200
2020-02-18,306.9358825683594,57226200
2020-02-19,308.4034118652344,48814700
2020-02-20,307.1365051269531,74163400
2020-02-21,303.9734802246094,113788200
2020-02-24,293.89208984375,161088400
2020-02-25,284.98651123046875,218913200
2020-02-26,283.9383544921875,194773800
2020-02-27,271.1861267089844,284353500
2020-02-28,270.0467224121094,384975800
2020-03-02,281.741455078125,238703600
2020-03-03,273.67449951171875,300139100
2020-03-04,285.1778564453125,176613400
2020-03-05,275.69805908203125,186366800
2020-03-06,271.1404724121094,228667200
2020-03-09,249.96600341796875,309417300
2020-03-10,262.9004211425781,276444100
2020-03-11,250.08447265625,255316300
2020-03-12,226.15707397460938,392220700
2020-03-13,245.49041748046875,329566100
2020-03-16,218.62789916992188,297240000
2020-03-17,230.4320831298828,262070500
2020-03-18,218.7646942138672,327597100
2020-03-19,219.2295379638672,289322000
2020-03-20,209.78201293945312,347158800
2020-03-23,204.418212890625,326025200
2020-03-24,222.93922424316406,235494500
2020-03-25,226.2766876220703,299430300
2020-03-26,239.4888916015625,257632800
2020-03-27,232.3555450439453,224341200
2020-03-30,239.90147399902344,171369500
2020-03-31,236.32565307617188,194881100
2020-04-01,225.68988037109375,189554600
2020-04-02,230.8977508544922,177660400
2020-04-03,227.5602569580078,135561200
2020-04-06,242.84466552734375,188061200
2020-04-07,243.09222412109375,201427200
2020-04-08,251.25244140625,153774500
2020-04-09,255.0758819580078,189999200
2020-04-13,252.7469482421875,114839100
2020-04-14,260.20123291015625,134143400
2020-04-15,254.6724395751953,121775000
2020-04-16,255.9010009765625,131798300
2020-04-17,262.8143615722656,146684800
2020-04-20,258.1840515136719,100109300
2020-04-21,250.3447723388672,126385700
2020-04-22,255.9010009765625,92951600
2020-04-23,255.88278198242188,104709700
2020-04-24,259.4493103027344,85063200
2020-04-27,263.190185546875,77896600
2020-04-28,261.9799499511719,105270000
2020-04-29,268.8381652832031,118745600
2020-04-30,266.33514404296875,122901700
2020-05-01,259.2843322753906,125180000
2020-05-04,259.9994812011719,80873200
2020-05-05,262.4017028808594,79569900
2020-05-06,260.62298583984375,73632600
2020-05-07,263.7677917480469,75250400
2020-05-08,268.13214111328125,76452400
2020-05-11,268.1872253417969,79514200
2020-05-12,262.841796875,95870800
2020-05-13,258.1932373046875,144721100
2020-05-14,261.2831115722656,121977900
2020-05-15,262.4842224121094,111146300
2020-05-18,270.47943115234375,119703800
2020-05-19,267.7012939453125,95189300
2020-05-20,272.24896240234375,85861700
2020-05-21,270.3694152832031,78293900
2020-05-22,270.8829040527344,63958200
2020-05-26,274.2202453613281,88951400
2020-05-27,278.30035400390625,104817400
2020-05-28,277.78692626953125,90405200
2020-05-29,279.0247802734375,119090800
2020-06-01,280.1523742675781,55758300
2020-06-02,282.47222900390625,74267200
2020-06-03,286.2313232421875,92567600
2020-06-04,285.4794616699219,75794400
2020-06-05,292.7962341308594,150524700
2020-06-08,296.33544921875,73641200
2020-06-09,294.125732421875,77479200
2020-06-10,292.4845886230469,95000800
2020-06-11,275.6230773925781,209243600
2020-06-12,278.9238586425781,194678900
2020-06-15,281.5278625488281,135782700
2020-06-16,286.94659423828125,137627500
2020-06-17,285.7546691894531,83398900
2020-06-18,285.8645935058594,80828700
2020-06-19,284.23095703125,135549600
2020-06-22,286.05438232421875,74649400
2020-06-23,287.3713073730469,68471200
2020-06-24,280.0408020019531,132813500
2020-06-25,283.0429992675781,89468000
2020-06-26,276.3202819824219,127961000
2020-06-29,280.3815002441406,79773300
2020-06-30,283.97314453125,113394800
2020-07-01,285.96221923828125,72396500
2020-07-02,287.53704833984375,69344200
2020-07-06,291.97576904296875,61713800
2020-07-07,288.9644470214844,82910000
2020-07-08,291.1746520996094,54638600
2020-07-09,289.5169982910156,83354200
2020-07-10,292.47308349609375,57550400
2020-07-13,289.940673828125,102997500
2020-07-14,293.6979675292969,93657000
2020-07-15,296.396240234375,87196500
2020-07-16,295.4200744628906,54622500
2020-07-17,296.27655029296875,62774900
2020-07-20,298.6709289550781,56308800
2020-07-21,299.3063049316406,57292200
2020-07-22,301.0099792480469,57792900
2020-07-23,297.41845703125,75738000
2020-07-24,295.5028991699219,73766600
2020-07-27,297.6578674316406,48293000
2020-07-28,295.77001953125,57495000
2020-07-29,299.40753173828125,48454200
2020-07-30,298.33935546875,61861700
2020-07-31,300.6969299316406,84986800
2020-08-03,302.7873840332031,53077900
2020-08-04,303.9569396972656,41917900
2020-08-05,305.8448486328125,42697700
2020-08-06,307.8892517089844,43679400
2020-08-07,308.1101989746094,57308300
2020-08-10,309.0311584472656,44282100
2020-08-11,306.4802551269531,69601100
2020-08-12,310.7533264160156,53774400
2020-08-13,310.1915588378906,41816100
2020-08-14,310.2007141113281,47260400
2020-08-17,311.1861572265625,35481000
2020-08-18,311.8583984375,38733900
2020-08-19,310.55987548828125,68054200
2020-08-20,311.52685546875,42207800
2020-08-21,312.6319580078125,55106600
2020-08-24,315.7998962402344,48588700
2020-08-25,316.9049072265625,38463400
2020-08-26,320.08221435546875,50790200
2020-08-27,320.78204345703125,58034100
2020-08-28,322.8540954589844,48588900
2020-08-31,321.6844787597656,66099200
2020-09-01,324.71435546875,54908700
2020-09-02,329.4110412597656,69540000
2020-09-03,318.0745544433594,148011100
2020-09-04,315.4775085449219,139156300
2020-09-08,306.8577575683594,114465300
2020-09-09,312.91741943359375,91462300
2020-09-10,307.4839782714844,90569500
2020-09-11,307.6405944824219,84680200
2020-09-14,311.6925964355469,65605700
2020-09-15,313.26739501953125,52920900
2020-09-16,312.0241394042969,82096000
2020-09-17,309.2799072265625,91523300
2020-09-18,305.7191162109375,105877900
2020-09-21,302.3166809082031,99450800
2020-09-22,305.3955993652344,63612100
2020-09-23,298.3130798339844,93112200
2020-09-24,299.1082763671875,76681300
2020-09-25,303.9439697265625,71069400
2020-09-28,308.9922180175781,64584600
2020-09-29,307.30950927734375,51304000
2020-09-30,309.6395263671875,104081100
2020-10-01,311.62738037109375,88698700
2020-10-02,308.6686706542969,89431100
2020-10-05,314.1422119140625,45713100
2020-10-06,309.67645263671875,90128900
2020-10-07,315.0668640136719,56999600
2020-10-08,317.8592224121094,45242500
2020-10-09,320.6977233886719,59528600
2020-10-12,325.8569641113281,80388500
2020-10-13,323.7304382324219,73255500
2020-10-14,321.69622802734375,57727900
2020-10-15,321.2986755371094,60357700
2020-10-16,321.1045227050781,89501900
2020-10-19,316.22259521484375,68425600
2020-10-20,317.4893493652344,60051900
2020-10-21,316.8883056640625,63575000
2020-10-22,318.6265563964844,55399300
2020-10-23,319.7083740234375,49143900
2020-10-26,313.8001708984375,91473000
2020-10-27,312.7184143066406,65994100
2020-10-28,302.0299987792969,127094300
2020-10-29,305.09967041015625,90597700
2020-10-30,301.9190368652344,120287300
2020-11-02,305.3031005859375,86068300
2020-11-03,310.6935119628906,93294200
2020-11-04,317.6372375488281,126959700
2020-11-05,323.8321228027344,82039700
2020-11-06,323.75811767578125,74973000
2020-11-09,327.8263854980469,172304200
2020-11-10,327.3456115722656,85552000
2020-11-11,329.7773132324219,58649000
2020-11-12,326.5781555175781,67546200
2020-11-13,331.09942626953125,62892200
2020-11-16,335.2324523925781,74541100
2020-11-17,333.429443359375,66111000
2020-11-18,329.4166564941406,70591300
2020-11-19,330.8035888671875,59940900
2020-11-20,328.53826904296875,70417300
2020-11-23,330.5076599121094,63230600
2020-11-24,335.83343505859375,62415900
2020-11-25,335.3155822753906,45330900
2020-11-27,336.2494812011719,28514100
2020-11-30,334.7608947753906,83872700
2020-12-01,338.42230224609375,74231400
2020-12-02,339.1341857910156,45927000
2020-12-03,339.0417785644531,62882000
2020-12-04,341.9635314941406,50749900
2020-12-07,341.2608337402344,48944300
2020-12-08,342.25933837890625,42458900
2020-12-09,339.1896667480469,74098300
2020-12-10,339.0787353515625,57735400
2020-12-11,338.6811828613281,57698600
2020-12-14,337.1647644042969,69216200
2020-12-15,341.7230529785156,63865300
2020-12-16,342.25933837890625,58420500
2020-12-17,344.17327880859375,64119500
2020-12-18,342.7990417480469,136542300
2020-12-21,341.5733947753906,96386700
2020-12-22,340.9976501464844,47949000
2020-12-23,341.3040771484375,46201400
2020-12-24,342.6319580078125,26457900
2020-12-28,345.5753173828125,39000400
2020-12-29,344.9160461425781,53680500
2020-12-30,345.408203125,49455300
2020-12-31,347.1632385253906,78520700
2021-01-04,342.4368896484375,110210800
2021-01-05,344.79541015625,66426200
2021-01-06,346.8568115234375,107997700
2021-01-07,352.01025390625,68766800
2021-01-08,354.015869140625,71677200
2021-01-11,351.62945556640625,51034700
2021-01-12,351.7037658691406,52547700
2021-01-13,352.6508483886719,45303600
2021-01-14,351.41595458984375,49989100
2021-01-15,348.8531799316406,107160000
2021-01-19,351.59234619140625,51233300
2021-01-20,356.45794677734375,61836100
2021-01-21,356.78289794921875,47840100
2021-01-22,355.52008056640625,52860500
2021-01-25,356.92218017578125,70402000
2021-01-26,356.36505126953125,42665300
2021-01-27,347.6553649902344,123351100
2021-01-28,350.64520263671875,94198100
2021-01-29,343.6254577636719,126765100
2021-02-01,349.34527587890625,75817600
2021-02-02,354.2850646972656,64450700
2021-02-03,354.563720703125,52427100
2021-02-04,358.593505859375,47142600
2021-02-05,360.00494384765625,48669800
2021-02-08,362.6048583984375,38365200
2021-02-09,362.3634033203125,35551100
2021-02-10,362.20556640625,59154400
2021-02-11,362.7905578613281,42913300
2021-02-12,364.5826110839844,50593300
2021-02-16,364.26690673828125,50972400
2021-02-17,364.3504333496094,52290600
2021-02-18,362.7998962402344,59712800
2021-02-19,362.1591491699219,83241000
2021-02-22,359.3735656738281,67414200
2021-02-23,359.8098449707031,107284100
2021-02-24,363.7748718261719,72433900
2021-02-25,355.00933837890625,146670500
2021-02-26,353.18017578125,152701600
2021-03-01,361.7413024902344,105348800
2021-03-02,358.9185791015625,79595300
2021-03-03,354.1643981933594,119940200
2021-03-04,349.7817077636719,183433000
2021-03-05,356.2165222167969,152039600
2021-03-08,354.4430236816406,123149200
2021-03-09,359.5035400390625,113633600
2021-03-10,361.7413024902344,109899400
2021-03-11,365.4090881347656,86245000
2021-03-12,365.90118408203125,64653600
2021-03-15,368.083251953125,73427200
2021-03-16,367.6189880371094,73722500
2021-03-17,368.8725280761719,97959300
2021-03-18,363.50555419921875,115349100
2021-03-19,362.83294677734375,113624500
2021-03-22,365.7302551269531,73778600
2021-03-23,362.8515319824219,90686600
2021-03-24,361.007080078125,97588600
2021-03-25,363.0379333496094,116128600
2021-03-26,368.88824462890625,114409100
2021-03-29,368.7019348144531,108107600
2021-03-30,367.7237854003906,76262200
2021-03-31,369.2142028808594,112734200
2021-04-01,373.2015075683594,99682900
2021-04-05,378.5579833984375,91684800
2021-04-06,378.3345031738281,62021000
2021-04-07,378.7723388671875,55836300
2021-04-08,380.5703125,57863100
2021-04-09,383.3370666503906,61104600
2021-04-12,383.4767761230469,56704900
2021-04-13,384.61334228515625,56551000
2021-04-14,383.2998352050781,61659900
2021-04-15,387.4174499511719,60229800
2021-04-16,388.7123107910156,82037300
2021-04-19,386.8025817871094,78498500
2021-04-20,383.9705505371094,81851800
2021-04-21,387.603759765625,66793000
2021-04-22,384.0636901855469,97582800
2021-04-23,388.2279968261719,73209200
2021-04-26,389.0384216308594,52182400
2021-04-27,388.9545593261719,51303100
2021-04-28,388.8427429199219,51238900
2021-04-29,391.3206787109375,78544300
2021-04-30,388.7496032714844,85527000
2021-05-03,389.58807373046875,68128300
2021-05-04,387.1844787597656,101591200
2021-05-05,387.3056640625,60162200
2021-05-06,390.39849853515625,74321400
2021-05-07,393.2397766113281,67733800
2021-05-10,389.3457946777344,81852400
2021-05-11,385.8709716796875,116888000
2021-05-12,377.6730041503906,134811000
2021-05-13,382.2099304199219,106394000
2021-05-14,388.078857421875,82201600
2021-05-17,387.0914001464844,65129200
2021-05-18,383.75628662109375,59810200
2021-05-19,382.7501525878906,106467100
2021-05-20,386.86785888671875,78022200
2021-05-21,386.551025390625,76578700
2021-05-24,390.4916076660156,51376700
2021-05-25,389.6252746582031,57451400
2021-05-26,390.39849853515625,43088600
2021-05-27,390.6034240722656,56707700
2021-05-28,391.3021545410156,58520200
2021-06-01,390.9573669433594,54216600
2021-06-02,391.572265625,49097100
2021-06-03,390.11895751953125,58138800
2021-06-04,393.68701171875,55938800
2021-06-07,393.3050537109375,51555000
2021-06-08,393.3888244628906,47134300
2021-06-09,392.802001953125,48436300
2021-06-10,394.6278991699219,51020100
2021-06-11,395.280029296875,45570800
2021-06-14,396.1650085449219,42358500
2021-06-15,395.4383544921875,51508500
2021-06-16,393.2304382324219,80386100
2021-06-17,393.10003662109375,90949700
2021-06-18,387.79693603515625,118676300
2021-06-21,393.34869384765625,72822000
2021-06-22,395.45166015625,57700300
2021-06-23,394.9749755859375,49445400
2021-06-24,397.31158447265625,45110300
2021-06-25,398.7227478027344,58129500
2021-06-28,399.52655029296875,53159600
2021-06-29,399.7415771484375,35970500
2021-06-30,400.07806396484375,64827900
2021-07-01,402.2930908203125,53441000
2021-07-02,405.3680725097656,57697700
2021-07-06,404.6296691894531,68710400
2021-07-07,406.05963134765625,63549500
2021-07-08,402.7510986328125,97595200
2021-07-09,407.05035400390625,76238600
2021-07-12,408.50836181640625,52889600
2021-07-13,407.11578369140625,52911300
2021-07-14,407.72332763671875,64130400
2021-07-15,406.3307800292969,55126400
2021-07-16,403.14361572265625,75874700
2021-07-19,397.1900939941406,147987000
2021-07-20,402.88189697265625,99608200
2021-07-21,406.1438293457031,64724400
2021-07-22,406.9942321777344,47878500
2021-07-23,411.1814880371094,63766600
2021-07-26,412.19085693359375,43719200
2021-07-27,410.3122253417969,67397100
2021-07-28,410.14398193359375,52472400
2021-07-29,411.8450622558594,47435300
2021-07-30,409.84490966796875,68951200
2021-08-02,408.9850158691406,58783300
2021-08-03,412.31231689453125,58053900
2021-08-04,410.2842102050781,46732200
2021-08-05,412.8824462890625,38969700
2021-08-06,413.564697265625,46930000
2021-08-09,413.2283020019531,41222600
2021-08-10,413.7423400878906,43339300
2021-08-11,414.7703552246094,44034300
2021-08-12,416.0134582519531,38909400
2021-08-13,416.7705383300781,39470300
2021-08-16,417.75189208984375,73740000
2021-08-17,415.0133972167969,92673900
2021-08-18,410.4710998535156,89351900
2021-08-19,411.106689453125,92812200
2021-08-20,414.37786865234375,72008700
2021-08-23,418.0229187011719,54973000
2021-08-24,418.6865234375,38744700
2021-08-25,419.56512451171875,40529700
2021-08-26,417.0882873535156,57829600
2021-08-27,420.8174743652344,77235100
2021-08-30,422.6680908203125,48357400
2021-08-31,422.04180908203125,59300200
2021-09-01,422.26617431640625,48721400
2021-09-02,423.56524658203125,42501000
2021-09-03,423.4624938964844,47170500
2021-09-07,421.9483947753906,51671500
2021-09-08,421.434326171875,56181900
2021-09-09,419.6305236816406,57970400
2021-09-10,416.3218688964844,89948200
2021-09-13,417.38739013671875,83738600
2021-09-14,415.13494873046875,78197100
2021-09-15,418.60235595703125,78792200
2021-09-16,417.9388427734375,77786700
2021-09-17,413.8677062988281,118425000
2021-09-20,406.966796875,166445500
2021-09-21,406.5823059082031,92526100
2021-09-22,410.5484619140625,102350100
2021-09-23,415.53656005859375,76396000
2021-09-24,416.2210998535156,62094800
2021-09-27,415.0302734375,61371100
2021-09-28,406.6667175292969,130436300
2021-09-29,407.3511962890625,82329200
2021-09-30,402.3724365234375,140506000
2021-10-01,407.1542663574219,129240100
2021-10-04,401.903564453125,128570000
2021-10-05,406.0854187011719,90682500
2021-10-06,407.7731018066406,113032200
2021-10-07,411.298583984375,72437500
2021-10-08,410.5484619140625,74557400
2021-10-11,407.576171875,65233300
2021-10-12,406.5729064941406,71181200
2021-10-13,408.0356140136719,72974000
2021-10-14,414.89910888671875,70236800
2021-10-15,418.05889892578125,66260200
2021-10-18,419.2964782714844,62213200
2021-10-19,422.53131103515625,46996800
2021-10-20,424.1909484863281,49571600
2021-10-21,425.2972717285156,41305400
2021-10-22,424.8566589355469,58845100
2021-10-25,427.135009765625,45214500
2021-10-26,427.51947021484375,56075100
2021-10-27,425.62542724609375,72438000
2021-10-28,429.7322692871094,51437900
2021-10-29,430.604248046875,70162400
2021-11-01,431.3450012207031,48433600
2021-11-02,433.0889892578125,48908400
2021-11-03,435.73309326171875,52509800
2021-11-04,437.7864990234375,52847100
2021-11-05,439.305419921875,66390600
2021-11-08,439.6804504394531,50405200
2021-11-09,438.2271728515625,51149100
2021-11-10,434.7016906738281,69429700
2021-11-11,434.84228515625,34848500
2021-11-12,438.1240234375,53466700
2021-11-15,438.2740783691406,46980500
2021-11-16,440.0086364746094,48857500
2021-11-17,438.9397888183594,47858300
2021-11-18,440.4305419921875,50625600
2021-11-19,439.64300537109375,57315600
2021-11-22,438.4053039550781,72762000
2021-11-23,438.9866638183594,73206500
2021-11-24,440.15869140625,61858800
2021-11-26,430.3417663574219,112669600
2021-11-29,435.62060546875,86268800
2021-11-30,427.1444091796875,148559600
2021-12-01,422.40008544921875,131939200
2021-12-02,428.86962890625,127637800
2021-12-03,425.137939453125,137331600
2021-12-06,430.1729431152344,98977500
2021-12-07,439.07098388671875,95484700
2021-12-08,440.2337341308594,72238800
2021-12-09,437.26141357421875,61272600
2021-12-10,441.3775939941406,77159800
2021-12-13,437.46771240234375,87724700
2021-12-14,434.4578857421875,97264100
2021-12-15,441.246337890625,116899300
2021-12-16,437.3551940917969,116568600
2021-12-17,432.7004699707031,135511600
2021-12-20,428.09942626953125,107134800
2021-12-21,435.7020263671875,69806300
2021-12-22,440.05841064453125,58890200
2021-12-23,442.7965393066406,56439700
2021-12-27,449.06304931640625,56808600
2021-12-28,448.69610595703125,47274600
2021-12-29,449.2700500488281,54503000
2021-12-30,448.0280456542969,55329000
2021-12-31,446.8988037109375,65237400
2022-01-03,449.4864807128906,72668200
2022-01-04,449.3359375,71178700
2022-01-05,440.70770263671875,104538900
2022-01-06,440.293701171875,86858900
2022-01-07,438.5530090332031,85111600
2022-01-10,438.00732421875,119362000
2022-01-11,441.9967041015625,74303100
2022-01-12,443.1916809082031,67605400
2022-01-13,437.0851745605469,91173100
2022-01-14,437.2638854980469,95890900
2022-01-18,429.5201416015625,109709100
2022-01-19,425.0601501464844,109357600
2022-01-20,420.3556213378906,122379700
2022-01-21,412.1037902832031,202271200
2022-01-24,413.85382080078125,251783900
2022-01-25,408.80108642578125,167997300
2022-01-26,407.7755126953125,186391100
2022-01-27,405.7619323730469,149878300
2022-01-28,415.8392333984375,164457400
2022-01-31,423.328857421875,152251400
2022-02-01,426.1893005371094,123155400
2022-02-02,430.3293762207031,117361000
2022-02-03,420.2145080566406,118024400
2022-02-04,422.1904296875,118454400
2022-02-07,420.8355407714844,84472900
2022-02-08,424.29803466796875,81012000
2022-02-09,430.50811767578125,92589900
2022-02-10,422.7737731933594,140103700
2022-02-11,414.437255859375,153214600
2022-02-14,413.0823059082031,123006300
2022-02-15,419.7439880371094,88482700
2022-02-16,420.2145080566406,84863600
2022-02-17,411.238037109375,102259100
2022-02-18,408.5752868652344,132642900
2022-02-22,404.19061279296875,124391800
2022-02-23,397.02081298828125,132578000
2022-02-24,402.9956359863281,213942900
2022-02-25,411.8872985839844,121804500
2022-02-28,410.83355712890625,145615000
2022-03-01,404.5762939453125,137785900
2022-03-02,412.0190734863281,117726500
2022-03-03,409.9677429199219,105501700
2022-03-04,406.6369934082031,113978200
2022-03-07,394.6496887207031,137896600
2022-03-08,391.6575622558594,164772700
2022-03-09,402.15826416015625,116990800
2022-03-10,400.34228515625,93972700
2022-03-11,395.2518615722656,95636300
2022-03-14,392.3632507324219,95729200
2022-03-15,400.991455078125,106219100
2022-03-16,409.8831481933594,144954800
2022-03-17,415.0111999511719,102676900
2022-03-18,419.5567321777344,106345500
2022-03-21,419.43402099609375,88349800
2022-03-22,424.3420104980469,74650400
2022-03-23,418.87713623046875,79426100
2022-03-24,425.19140625,64736900
2022-03-25,427.26788330078125,77101300
2022-03-28,430.3070983886719,68529800
2022-03-29,435.6303405761719,86581500
2022-03-30,432.9404296875,79666900
2022-03-31,426.27685546875,121699900
2022-04-01,427.4850158691406,89048800
2022-04-04,431.14715576171875,59601000
2022-04-05,425.7011413574219,74214500
2022-04-06,421.4443664550781,106898000
2022-04-07,423.56805419921875,78097200
2022-04-08,422.4353942871094,79272700
2022-04-11,415.21502685546875,89770500
2022-04-12,413.676513671875,84363600
2022-04-13,418.4146423339844,74070400
2022-04-14,413.2046813964844,97869500
2022-04-18,413.3745422363281,66002500
2022-04-19,420.0475158691406,77821000
2022-04-20,419.736083984375,65224400
2022-04-21,413.4595031738281,85417300
2022-04-22,402.1145935058594,132471800
2022-04-25,404.4458312988281,119647700
2022-04-26,392.7326965332031,103996300
2022-04-27,393.8370361328125,122030000
2022-04-28,403.78515625,105449100
2022-04-29,388.8630065917969,145491100
2022-05-02,391.2037658691406,158312500
2022-05-03,392.9969482421875,100028200
2022-05-04,404.9649353027344,144247900
2022-05-05,390.5713195800781,172929100
2022-05-06,388.24005126953125,151770800
2022-05-09,375.80963134765625,155586100
2022-05-10,376.6779479980469,132497200
2022-05-11,370.6939697265625,142361000
2022-05-12,370.3070373535156,125090800
2022-05-13,379.1602478027344,104174400
2022-05-16,377.6217346191406,78622400
2022-05-17,385.38958740234375,83029700
2022-05-18,369.8539733886719,117674500
2022-05-19,367.5887451171875,98510700
2022-05-20,367.74920654296875,131432200
2022-05-23,374.62982177734375,76414900
2022-05-24,371.7699890136719,91448800
2022-05-25,375.0545654296875,91472900
2022-05-26,382.5486755371094,82168300
2022-05-27,391.9399108886719,84768700
2022-05-31,389.74072265625,95937000
2022-06-01,386.58831787109375,86585800
2022-06-02,393.9503173828125,79609600
2022-06-03,387.48504638671875,71874300
2022-06-06,388.664794921875,57508900
2022-06-07,392.39288330078125,59272400
2022-06-08,388.1268005371094,64350000
2022-06-09,378.89593505859375,86289800
2022-06-10,367.9096984863281,132893900
2022-06-13,353.9407653808594,170004900
2022-06-14,352.8742980957031,104011800
2022-06-15,357.905029296875,125666800
2022-06-16,346.05975341796875,134473300
2022-06-17,346.8057556152344,111113900
2022-06-21,355.5361328125,76811900
2022-06-22,354.89154052734375,90059400
2022-06-23,358.3703308105469,79292100
2022-06-24,369.76434326171875,98050300
2022-06-27,368.35198974609375,66009600
2022-06-28,360.82550048828125,86548900
2022-06-29,360.5315856933594,65676000
2022-06-30,357.6025695800781,112508300
2022-07-01,361.3847351074219,74839700
2022-07-05,362.0672302246094,81438000
2022-07-06,363.29010009765625,70426200
2022-07-07,368.7311096191406,64525900
2022-07-08,368.4278259277344,72397800
2022-07-11,364.2190246582031,58366900
2022-07-12,360.9961242675781,62219200
2022-07-13,359.10028076171875,84224600
2022-07-14,358.2281799316406,89704800
2022-07-15,365.0721130371094,79060400
2022-07-18,362.0577697753906,63203600
2022-07-19,371.84027099609375,78506000
2022-07-20,374.2101135253906,71843800
2022-07-21,378.0207824707031,64903900
2022-07-22,374.5133972167969,72197300
2022-07-25,374.9683837890625,53631500
2022-07-26,370.5322265625,52946400
2022-07-27,380.1535339355469,82342100
2022-07-28,384.92156982421875,73966600
2022-07-29,390.5332946777344,87003700
2022-08-01,389.37677001953125,69997500
2022-08-02,386.8080139160156,63435400
2022-08-03,392.8651428222656,67820600
2022-08-04,392.5997619628906,45656600
2022-08-05,391.9361877441406,56814900
2022-08-08,391.4811706542969,53886100
2022-08-09,389.9266052246094,44931800
2022-08-10,398.1166076660156,68665700
2022-08-11,398.1166076660156,59489700
2022-08-12,404.8563537597656,61694500
2022-08-15,406.5246887207031,54048300
2022-08-16,407.32086181640625,59289000
2022-08-17,404.4297790527344,63563400
2022-08-18,405.6051330566406,49023200
2022-08-19,400.1546936035156,68016900
2022-08-22,391.8224182128906,77695600
2022-08-23,390.87457275390625,49105200
2022-08-24,392.1257629394531,49177800
2022-08-25,397.66162109375,50942300
2022-08-26,384.201171875,103087000
2022-08-29,381.6607666015625,65370800
2022-08-30,377.4709167480469,85652400
2022-08-31,374.5987548828125,76029700
2022-09-01,375.774169921875,78740100
2022-09-02,371.8118896484375,99632100
2022-09-06,370.4090576171875,76637400
2022-09-07,377.0633239746094,70964200
2022-09-08,379.5279541015625,80821700
2022-09-09,385.4239807128906,76706900
2022-09-12,389.5663757324219,69256300
2022-09-13,372.6270751953125,122947100
2022-09-14,374.0489196777344,85023700
2022-09-15,369.8022155761719,87633800
2022-09-16,366.9811706542969,103084800
2022-09-19,369.8269348144531,73278500
2022-09-20,365.58184814453125,77274900
2022-09-21,359.2048034667969,106746600
2022-09-22,356.18756103515625,89472600
2022-09-23,350.2196960449219,122346900
2022-09-26,346.75506591796875,92581200
2022-09-27,345.8699035644531,108294100
2022-09-28,352.67535400390625,110802200
2022-09-29,345.3083801269531,112952300
2022-09-30,339.9686279296875,153711200
2022-10-03,348.9442138671875,89756500
2022-10-04,359.7568359375,103602800
2022-10-05,358.919189453125,88065700
2022-10-06,355.2167053222656,82333500
2022-10-07,345.3083801269531,107789500
2022-10-10,342.67181396484375,76042800
2022-10-11,340.50164794921875,92482800
2022-10-12,339.37847900390625,76991800
2022-10-13,348.3351135253906,147254500
2022-10-14,340.3969421386719,123737000
2022-10-17,349.14410400390625,93168200
2022-10-18,353.2463684082031,97162900
2022-10-19,350.7431640625,79746900
2022-10-20,347.80206298828125,88283100
2022-10-21,356.2541809082031,131038400
2022-10-24,360.6134338378906,85436900
2022-10-25,366.3719482421875,78846300
2022-10-26,363.61163330078125,104087300
2022-10-27,361.6700439453125,81971800
2022-10-28,370.2743225097656,100302000
2022-10-31,367.5997619628906,96631300
2022-11-01,365.9911804199219,85407600
2022-11-02,356.80621337890625,126990400
2022-11-03,353.1322021484375,87100100
2022-11-04,358.2148742675781,103505200
2022-11-07,361.6414794921875,68286900
2022-11-08,363.5926513671875,84641100
2022-11-09,356.10186767578125,78495500
2022-11-10,375.6711730957031,141455800
2022-11-11,379.3070983886719,93839900
2022-11-14,376.0804748535156,71903500
2022-11-15,379.2880554199219,93194500
2022-11-16,376.3945007324219,68508500
2022-11-17,375.2427978515625,74496300
2022-11-18,376.9465637207031,92922500
2022-11-21,375.5759582519531,51243200
2022-11-22,380.6300354003906,60429000
2022-11-23,383.0286560058594,68261600
2022-11-25,382.9429626464844,30545400
2022-11-28,376.83233642578125,67881600
2022-11-29,376.18511962890625,52310000
2022-11-30,388.03521728515625,144566700
2022-12-01,387.7497253417969,76398200
2022-12-02,387.30230712890625,85342700
2022-12-05,380.3350524902344,77289800
2022-12-06,374.8525695800781,77972200
2022-12-07,374.2148742675781,65927900
2022-12-08,377.1463623046875,60737900
2022-12-09,374.3290710449219,81447700
2022-12-12,379.72589111328125,75405800
2022-12-13,382.600341796875,123782500
2022-12-14,380.1541748046875,108111300
2022-12-15,370.8549499511719,117705900
2022-12-16,366.4765319824219,119858000
2022-12-19,363.3690185546875,79878100
2022-12-20,363.86627197265625,74427200
2022-12-21,369.30694580078125,78167400
2022-12-22,364.038330078125,100120900
2022-12-23,366.13238525390625,59857300
2022-12-27,364.6885681152344,51638200
2022-12-28,360.15618896484375,70911500
2022-12-29,366.63916015625,66970900
2022-12-30,365.6734313964844,84022200
2023-01-03,364.1339111328125,74850700
2023-01-04,366.94512939453125,85934100
2023-01-05,362.757080078125,76970500
2023-01-06,371.07586669921875,104189600
2023-01-09,370.8655090332031,73978100
2023-01-10,373.4663391113281,65358100
2023-01-11,378.1898498535156,68881100
2023-01-12,379.5668029785156,90157700
2023-01-13,381.0392150878906,63903900
2023-01-17,380.3412780761719,62677300
2023-01-18,374.33642578125,99632300
2023-01-19,371.6113586425781,86958900
2023-01-20,378.5341491699219,91806400
2023-01-23,383.0759582519531,84178800
2023-01-24,382.664794921875,59524900
2023-01-25,382.80816650390625,84800300
2023-01-26,387.0154113769531,72287400
2023-01-27,387.9046325683594,68346200
2023-01-30,383.0377197265625,74202000
2023-01-31,388.6696472167969,86811800
2023-02-01,392.8003234863281,101459200
2023-02-02,398.51837158203125,101654500
2023-02-03,394.2824401855469,94736800
2023-02-06,391.8728332519531,60295300
2023-02-07,396.9980163574219,90990700
2023-02-08,392.6568908691406,76227500
2023-02-09,389.2529296875,78694900
2023-02-10,390.1612548828125,70769700
2023-02-13,394.7413635253906,64913500
2023-02-14,394.5597229003906,88389300
2023-02-15,395.8410339355469,61555700
2023-02-16,390.3907775878906,76431500
2023-02-17,389.4154968261719,89257800
2023-02-21,381.6034240722656,82655900
2023-02-22,381.07757568359375,83742300
2023-02-23,383.1046447753906,96242400
2023-02-24,379.0122375488281,108194400
2023-02-27,380.30303955078125,80444700
2023-02-28,378.8974609375,96438600
2023-03-01,377.4440002441406,99706800
2023-03-02,380.3795471191406,85127800
2023-03-03,386.4799499511719,90120000
2023-03-06,386.7476501464844,72795900
2023-03-07,380.81927490234375,108310600
2023-03-08,381.44085693359375,74746600
2023-03-09,374.40338134765625,111945300
2023-03-10,369.0009460449219,189253000
2023-03-13,368.47503662109375,157790000
2023-03-14,374.5659484863281,149752400
2023-03-15,372.2232666015625,172996900
2023-03-16,378.75396728515625,143254200
2023-03-17,374.3254089355469,140553400
2023-03-20,377.9247131347656,93055800
2023-03-21,382.88702392578125,91524200
2023-03-22,376.3601989746094,111746600
2023-03-23,377.377685546875,119351300
2023-03-24,379.8539733886719,107682400
2023-03-27,380.5642395019531,74010400
2023-03-28,379.71002197265625,62871700
2023-03-29,385.22906494140625,77497900
2023-03-30,387.4846496582031,69840000
2023-03-31,392.9460754394531,112062600
2023-04-03,394.4434509277344,67391100
2023-04-04,392.2550354003906,66601500
2023-04-05,391.2279968261719,65200200
2023-04-06,392.7541809082031,63743300
2023-04-10,393.15728759765625,63681000
2023-04-11,393.26287841796875,59297900
2023-04-12,391.659912109375,86420400
2023-04-13,396.8621826171875,85814800
2023-04-14,395.8927917480469,78161500
2023-04-17,397.31341552734375,66436400
2023-04-18,397.5725402832031,63560000
2023-04-19,397.5052795410156,55227300
2023-04-20,395.33612060546875,75840400
2023-04-21,395.64324951171875,73457400
2023-04-24,396.05596923828125,64332100
2023-04-25,389.7690124511719,97766700
2023-04-26,388.1181945800781,80447000
2023-04-27,395.8448181152344,92968400
2023-04-28,399.2234191894531,89433100
2023-05-01,398.8203125,62122300
2023-05-02,394.337890625,103998500
2023-05-03,391.63116455078125,91531800
2023-05-04,388.85723876953125,94901900
2023-05-05,396.05596923828125,87891800
2023-05-08,396.1615295410156,50046800
2023-05-09,394.4242248535156,49220100
2023-05-10,396.26715087890625,96142900
2023-05-11,395.5760498046875,70157100
2023-05-12,395.0577697753906,70481500
2023-05-15,396.42071533203125,54289400
2023-05-16,393.7716369628906,57705500
2023-05-17,398.55157470703125,87287000
2023-05-18,402.3908996582031,97177200
2023-05-19,401.805419921875,103793300
2023-05-22,401.9685363769531,60745400
2023-05-23,397.4573059082031,86383500
2023-05-24,394.57781982421875,89213700
2023-05-25,397.99481201171875,90961600
2023-05-26,403.1492004394531,93830000
2023-05-30,403.30267333984375,72216000
2023-05-31,401.0662841796875,110811800
2023-06-01,404.8768615722656,88865000
2023-06-02,410.73187255859375,91426200
2023-06-05,409.9447937011719,65460200
2023-06-06,410.83740234375,64022200
2023-06-07,409.4168701171875,85373300
2023-06-08,411.8931884765625,61952800
2023-06-09,412.6322937011719,85742800
2023-06-12,416.3756408691406,76104300
2023-06-13,419.12078857421875,95899700
2023-06-14,419.6199035644531,100612100
2023-06-15,424.82220458984375,110303100
2023-06-16,423.3751220703125,114165800
2023-06-20,421.1786193847656,76160400
2023-06-21,419.0205383300781,76982300
2023-06-22,420.5331115722656,70637200
2023-06-23,417.3538818359375,92074500
2023-06-26,415.648681640625,72823600
2023-06-27,420.20556640625,72813700
2023-06-28,420.4175720214844,75636000
2023-06-29,422.0745849609375,67882300
2023-06-30,427.0553283691406,104964000
2023-07-03,427.546630859375,32793400
2023-07-05,426.9107971191406,58418400
2023-07-06,423.5678405761719,80658300
2023-07-07,422.49847412109375,86134200
2023-07-10,423.5678405761719,62443500
2023-07-11,426.26531982421875,64463800
2023-07-12,429.69500732421875,91924500
2023-07-13,433.1054382324219,72425200
2023-07-14,432.8357238769531,69815800
2023-07-17,434.338623046875,52680200
2023-07-18,437.5659484863281,80668200
2023-07-19,438.5390319824219,65891700
2023-07-20,435.6295166015625,70591600
2023-07-21,435.6295166015625,71275600
2023-07-24,437.57562255859375,54023400
2023-07-25,438.770263671875,55191200
2023-07-26,438.8377380371094,71052900
2023-07-27,435.92822265625,92194400
2023-07-28,440.1960754394531,80011800
2023-07-31,441.0342102050781,62040400
2023-08-01,439.772216796875,55291500
2023-08-02,433.6546325683594,93933400
2023-08-03,432.41180419921875,64276100
2023-08-04,430.4561767578125,100128900
2023-08-07,434.21337890625,58357500
2023-08-08,432.3251037597656,71361300
2023-08-09,429.4349365234375,78789600
2023-08-10,429.5890197753906,93005500
2023-08-11,429.338623046875,68690900
2023-08-14,431.70855712890625,47867400
2023-08-15,426.6795959472656,75707500
2023-08-16,423.5485534667969,80107200
2023-08-17,420.3211975097656,95711300
2023-08-18,420.52349853515625,98852000
2023-08-21,423.2595520019531,68719000
2023-08-22,422.113037109375,64994200
2023-08-23,426.8144836425781,68441000
2023-08-24,420.8992614746094,88517300
2023-08-25,423.86651611328125,102325100
2023-08-28,426.5544128417969,61595400
2023-08-29,432.72015380859375,83081900
2023-08-30,434.50244140625,69053900
2023-08-31,433.8665466308594,66084600
2023-09-01,434.67584228515625,58944100
2023-09-05,432.79718017578125,55166200
2023-09-06,429.8877258300781,70758500
2023-09-07,428.56781005859375,70355400
2023-09-08,429.21331787109375,61659700
2023-09-11,432.0361633300781,60180100
2023-09-12,429.6661071777344,67565400
2023-09-13,430.1671142578125,60199300
2023-09-14,433.8761291503906,83430800
2023-09-15,428.64874267578125,111848900
2023-09-18,428.9000244140625,55752200
2023-09-19,428.0105895996094,66514600
2023-09-20,424.0758056640625,82562600
2023-09-21,417.0664978027344,104095800
2023-09-22,416.12872314453125,100829700
2023-09-25,417.87860107421875,70874500
2023-09-26,411.73944091796875,96168400
2023-09-27,411.9037780761719,104705800
2023-09-28,414.29180908203125,92258300
2023-09-29,413.2862854003906,115111300
2023-10-02,413.12200927734375,83798600
2023-10-03,407.59185791015625,103760600
2023-10-04,410.55999755859375,87453000
2023-10-05,410.4052429199219,70142700
2023-10-06,415.2779541015625,113273300
2023-10-09,417.9366149902344,80374400
2023-10-10,420.1119079589844,78607300
2023-10-11,421.832763671875,62451700
2023-10-12,419.2611389160156,81154200
2023-10-13,417.1727600097656,95143100
2023-10-16,421.5621032714844,75433200
2023-10-17,421.5428161621094,75324700
2023-10-18,415.9256591796875,93559800
2023-10-19,412.2711181640625,121323000
2023-10-20,407.2052001953125,123919900
2023-10-23,406.4993896484375,92035100
2023-10-24,409.56414794921875,78564200
2023-10-25,403.68603515625,94223200
2023-10-26,398.85205078125,115156800
2023-10-27,397.0440979003906,107367700
2023-10-30,401.7911071777344,86562700
2023-10-31,404.3144836425781,79665200
2023-11-01,408.62640380859375,98068100
2023-11-02,416.45745849609375,94938900
2023-11-03,420.2569274902344,100167800
2023-11-06,421.2237243652344,67831700
2023-11-07,422.4225158691406,64256100
2023-11-08,422.73193359375,61746000
2023-11-09,419.4351806640625,83174400
2023-11-10,425.9803466796875,89462200
2023-11-13,425.57427978515625,52236100
2023-11-14,433.8307800292969,97176900
2023-11-15,434.7491760253906,77327600
2023-11-16,435.2809143066406,66665800
2023-11-17,435.82232666015625,83133200
2023-11-20,439.1771545410156,69936200
2023-11-21,438.22003173828125,49244600
2023-11-22,439.9118957519531,59394900
2023-11-24,440.1825866699219,29737400
2023-11-27,439.38983154296875,50506000
2023-11-28,439.8248596191406,62115000
2023-11-29,439.5155334472656,63146000
2023-11-30,441.24609375,79752700
2023-12-01,443.8564453125,89183400
2023-12-04,441.5264587402344,72430900
2023-12-05,441.439453125,69793500
2023-12-06,439.6605529785156,69124700
2023-12-07,443.01531982421875,66995400
2023-12-08,444.919921875,83194400
2023-12-11,446.65045166015625,65002200
2023-12-12,448.6904602050781,68327600
2023-12-13,454.87786865234375,93278000
2023-12-14,456.3377990722656,119026000
2023-12-15,455.5863952636719,141553700
2023-12-18,458.14910888671875,70375300
2023-12-19,460.9350891113281,55761800
2023-12-20,454.5477294921875,102921000
2023-12-21,458.8577880859375,86667500
2023-12-22,459.7799072265625,67160400
2023-12-26,461.7213439941406,55387000
2023-12-27,462.55621337890625,68000300
2023-12-28,462.73089599609375,77158100
2023-12-29,461.3913269042969,122283100
2024-01-02,458.8092041015625,123623700
2024-01-03,455.062255859375,103585900
2024-01-04,453.59649658203125,84232200
2024-01-05,454.2177429199219,86118900
2024-01-08,460.70208740234375,74879100
2024-01-09,460.0032043457031,65931400
2024-01-10,462.60467529296875,67310600
2024-01-11,462.40081787109375,77940700
2024-01-12,462.7211608886719,58026400
2024-01-16,461.0224609375,85014900
2024-01-17,458.4597473144531,68843900
2024-01-18,462.5367736816406,91856200
2024-01-19,468.30279541015625,110834500
2024-01-22,469.29302978515625,75844900
2024-01-23,470.6616516113281,49945300
2024-01-24,471.1761779785156,81765000
2024-01-25,473.7388610839844,72525000
2024-01-26,473.13702392578125,76641600
2024-01-29,476.88397216796875,61322800
2024-01-30,476.51507568359375,58618400
2024-01-31,468.73968505859375,126011100
2024-02-01,474.8746032714844,91891600
2024-02-02,479.873779296875,99228200
2024-02-05,478.12646484375,75757100
2024-02-06,479.5145568847656,55918600
2024-02-07,483.51397705078125,70556500
2024-02-08,483.72747802734375,52343600
2024-02-09,486.523193359375,63979400
2024-02-12,486.3095703125,56502300
2024-02-13,479.6116027832031,113099200
2024-02-14,483.9702453613281,68387800
2024-02-15,487.3094787597656,61683000
2024-02-16,484.88275146484375,75532900
2024-02-20,482.2132263183594,71736700
2024-02-21,482.64996337890625,59293400
2024-02-22,492.638671875,76402500
2024-02-23,492.9784240722656,61321800
2024-02-26,491.17291259765625,50386700
2024-02-27,492.0854187011719,48854500
2024-02-28,491.4350280761719,56506600
2024-02-29,493.2016906738281,83924800
2024-03-01,497.83203125,76844800
2024-03-04,497.2981262207031,49799300
2024-03-05,492.32806396484375,72855600
2024-03-06,494.8227844238281,68382400
2024-03-07,499.734619140625,58652100
2024-03-08,496.7350769042969,86532500
2024-03-11,496.3079833984375,62557200
2024-03-12,501.64691162109375,73114400
2024-03-13,500.8606872558594,55104100
2024-03-14,499.87054443359375,110171800
2024-03-15,496.4381408691406,107646300
2024-03-18,499.3885498046875,88893300
2024-03-19,502.1636962890625,60755300
2024-03-20,506.8083801269531,69594600
2024-03-21,508.4831848144531,60256100
2024-03-22,507.51922607421875,79070800
2024-03-25,506.1170349121094,48512100
2024-03-26,505.18231201171875,65463700
2024-03-27,509.4276428222656,82999800
2024-03-28,509.33038330078125,96294900
2024-04-01,508.4442138671875,62477500
2024-04-02,505.21148681640625,74230300
2024-04-03,505.7664794921875,59155800
2024-04-04,499.5930480957031,96858100
2024-04-05,504.8122253417969,74546500
2024-04-08,505.09454345703125,48401800
2024-04-09,505.6788635253906,68049200
2024-04-10,500.61541748046875,82652800
2024-04-11,504.39349365234375,70099000
2024-04-12,497.4313659667969,92561100
2024-04-15,491.199462890625,92101400
2024-04-16,490.3035888671875,73484000
2024-04-17,487.4018859863281,75910300
2024-04-18,486.3989562988281,74548100
2024-04-19,482.1534729003906,102212600
2024-04-22,486.5937194824219,67961000
2024-04-23,492.3678894042969,64633600
2024-04-24,492.1341857910156,55928100
2024-04-25,490.26470947265625,69122400
2024-04-26,494.9093933105469,64306100
2024-04-29,496.662109375,46415400
2024-04-30,488.79437255859375,77483600
2024-05-01,487.2071533203125,80242800
2024-05-02,491.7641906738281,62550200
2024-05-03,497.85980224609375,72756700
2024-05-06,503.0010681152344,47264700
2024-05-07,503.55615234375,52561300
2024-05-08,503.6047668457031,42047200
2024-05-09,506.5065002441406,43643700
2024-05-10,507.158935546875,52233200
2024-05-13,507.2270812988281,36716400
2024-05-14,509.5542907714844,57535900
2024-05-15,515.8640747070312,59504900
2024-05-16,514.8026123046875,50244800
2024-05-17,515.5427856445312,59187600
2024-05-20,516.1367797851562,37764200
2024-05-21,517.4026489257812,33437000
2024-05-22,515.9129028320312,48390000
2024-05-23,512.14453125,57211200
2024-05-24,515.5330810546875,41291100
2024-05-28,515.8933715820312,36269600
2024-05-29,512.2808227539062,45190300
2024-05-30,508.88238525390625,46377600
2024-05-31,513.517333984375,90785800
2024-06-03,513.93603515625,46835700
2024-06-04,514.5106811523438,34632700
2024-06-05,520.6256103515625,47610400
2024-06-06,520.6159057617188,30808500
2024-06-07,519.9830322265625,43224500
2024-06-10,521.5896606445312,35686100
2024-06-11,522.8457641601562,36383400
2024-06-12,527.1399536132812,63251300
2024-06-13,528.2013549804688,44760900
2024-06-14,528.5226440429688,40089900
2024-06-17,532.7291870117188,55839500
2024-06-18,534.0826416015625,41376400
2024-06-20,532.6317749023438,70328200
2024-06-21,531.9176635742188,64338600
2024-06-24,530.1885986328125,45528700
2024-06-25,532.230224609375,37936200
2024-06-26,532.8946533203125,38550600
2024-06-27,533.7347412109375,35041500
2024-06-28,531.6343994140625,76144500
2024-07-01,532.7285766601562,40297800
2024-07-02,536.3135375976562,40434800
2024-07-03,538.7069702148438,32789900
2024-07-05,541.8134765625,41488400
2024-07-08,542.4386596679688,36110500
2024-07-09,542.9661254882812,27289700
2024-07-10,548.3389282226562,38701200
2024-07-11,543.61083984375,53054200
2024-07-12,547.0396728515625,53084400
2024-07-15,548.5440673828125,40584300
2024-07-16,551.7969970703125,36475300
2024-07-17,544.0601806640625,57119000
2024-07-18,539.879150390625,56270400
2024-07-19,536.2940063476562,65509100
2024-07-22,541.8231811523438,43346700
2024-07-23,540.973388671875,34439600
2024-07-24,528.7135009765625,74515300
2024-07-25,525.958740234375,61158300
2024-07-26,531.849365234375,53763800
2024-07-29,532.161865234375,39515800
2024-07-30,529.4657592773438,46853600
2024-07-31,538.0718994140625,65663400
2024-08-01,530.452392578125,76428700
2024-08-02,520.5762329101562,82789100
2024-08-05,505.4151611328125,146267400
2024-08-06,510.0747375488281,84826300
2024-08-07,506.66546630859375,70698300
2024-08-08,518.3782958984375,63276600
2024-08-09,520.6641235351562,45619600
2024-08-12,520.9376220703125,42542100
2024-08-13,529.5047607421875,52333100
2024-08-14,531.1752319335938,42446900
2024-08-15,540.2797241210938,60846800
2024-08-16,541.4910278320312,44430700
2024-08-19,546.6685180664062,39121800
2024-08-20,545.779541015625,33732300
2024-08-21,547.6552124023438,41514600
2024-08-22,543.3567504882812,56121500
2024-08-23,549.1301879882812,50639400
2024-08-26,547.8211059570312,35788600
2024-08-27,548.573486328125,32693900
2024-08-28,545.3887939453125,41066000
2024-08-29,545.4376220703125,38715200
2024-08-30,550.6444091796875,62700100
2024-09-03,539.3126831054688,60600100
2024-09-04,538.208740234375,47224900
2024-09-05,536.8997192382812,44264300
2024-09-06,527.8636474609375,68493800
2024-09-09,533.7737426757812,40445800
2024-09-10,536.0986938476562,36394600
2024-09-11,541.5985107421875,75248600
2024-09-12,546.1605834960938,51819600
2024-09-13,549.0130615234375,39310500
2024-09-16,549.8238525390625,36656100
2024-09-17,550.0484008789062,49321000
2024-09-18,548.4171752929688,59044900
2024-09-19,557.7755737304688,75315500
2024-09-20,556.8113403320312,77503100
2024-09-23,558.2028198242188,44116900
2024-09-24,559.7999267578125,46805700
2024-09-25,558.5653076171875,38428600
2024-09-26,560.7798461914062,48336000
2024-09-27,559.9664916992188,42100900
2024-09-30,562.2105102539062,63557400
2024-10-01,557.1738891601562,72668800
2024-10-02,557.4090576171875,38097800
2024-10-03,556.3899536132812,40846500
2024-10-04,561.4461669921875,42939100
2024-10-07,556.370361328125,49964700
2024-10-08,561.6323852539062,37398700
2024-10-09,565.5224609375,37912200
2024-10-10,564.5327758789062,44138100
2024-10-11,567.9132690429688,42268000
2024-10-14,572.5579833984375,36217200
2024-10-15,568.1093139648438,54203600
2024-10-16,570.5784912109375,30725400
2024-10-17,570.6275634765625,34393700
2024-10-18,572.8224487304688,37416800
2024-10-21,571.8817749023438,36439000
2024-10-22,571.5780029296875,34183800
2024-10-23,566.3552856445312,49314600
2024-10-24,567.5802001953125,34979900
2024-10-25,567.3841552734375,47268200
2024-10-28,569.1381225585938,30174700
2024-10-29,570.0591430664062,42899700
2024-10-30,568.3346557617188,41435800
2024-10-31,557.193603515625,60182500
2024-11-01,559.545166015625,45667500
2024-11-04,558.3399658203125,38217000
2024-11-05,565.09130859375,39478300
2024-11-06,579.1425170898438,68182000
2024-11-07,583.62060546875,47233200
2024-11-08,586.1487426757812,46444900
2024-11-11,586.7071533203125,37586800
2024-11-12,584.8847045898438,43006100
2024-11-13,585.1688232421875,47388600
2024-11-14,581.4060668945312,38904100
2024-11-15,573.9591064453125,75988800
2024-11-18,576.3107299804688,37001700
2024-11-19,578.41748046875,49412000
2024-11-20,578.613525390625,50032600
2024-11-21,581.7196655273438,46750300
2024-11-22,583.5226440429688,38226400
2024-11-25,585.5020141601562,42441400
2024-11-26,588.5591430664062,45621300
2024-11-27,586.7757568359375,34000200
2024-11-29,590.4209594726562,30177400
2024-12-02,591.479248046875,31746000
2024-12-03,591.75341796875,26906600
2024-12-04,595.427978515625,42787600
2024-12-05,594.4481201171875,28762200
2024-12-06,595.5750732421875,31241500
2024-12-09,592.508056640625,34742700
2024-12-10,590.6658935546875,37234500
2024-12-11,595.2320556640625,28677700
2024-12-12,592.1651000976562,31543800
2024-12-13,592.0475463867188,35904700
2024-12-16,594.5755615234375,43695200
2024-12-17,592.1257934570312,55773500
2024-12-18,574.4784545898438,108248700
2024-12-19,574.3020629882812,85919500
2024-12-20,581.199951171875,125716700
2024-12-23,584.6803588867188,57635800
2024-12-24,591.1790161132812,33160100
2024-12-26,591.2184448242188,41219100
2024-12-27,584.9949951171875,64969300
2024-12-30,578.3192138671875,56578800
2024-12-31,576.2153930664062,57052700
2025-01-02,574.799560546875,50204000
2025-01-03,581.9864501953125,37888500
2025-01-06,585.3390502929688,47679400
2025-01-07,578.7222900390625,60393100
2025-01-08,579.5678100585938,47304700
2025-01-10,570.7193603515625,73105000
2025-01-13,571.6041870117188,47910100
2025-01-14,572.3908081054688,48420600
2025-01-15,582.802490234375,56900200
2025-01-16,581.6817016601562,43319700
2025-01-17,587.521728515625,58070600
2025-01-21,592.8995971679688,42532900
2025-01-22,596.2327270507812,48196000
2025-01-23,599.4868774414062,41152100
2025-01-24,597.7368774414062,34604700
2025-01-27,589.2815551757812,70361100
2025-01-28,594.3449096679688,44433300
2025-01-29,591.6805419921875,37177400
2025-01-30,594.8561401367188,39281300
2025-01-31,591.6902465820312,66566900
2025-02-03,587.70849609375,65857200
2025-02-04,591.6510009765625,33457800
2025-02-05,594.0498657226562,30653100
2025-02-06,596.1146240234375,35771500
2025-02-07,590.6580200195312,50788500
2025-02-10,594.6693115234375,26048700
2025-02-11,595.1216430664062,30056700
2025-02-12,593.2044067382812,45076100
2025-02-13,599.4672241210938,40921300
2025-02-14,599.437744140625,26910400
2025-02-18,601.1976318359375,26749000
2025-02-19,602.6134643554688,31011100
2025-02-20,600.1062622070312,36554000
2025-02-21,589.8419799804688,76519800
2025-02-24,587.1580200195312,50737200
2025-02-25,584.2379150390625,58266500
2025-02-26,584.5328369140625,43321600
2025-02-27,575.2025756835938,74196700
2025-02-28,584.1788940429688,88744100
2025-03-03,573.9441528320312,74249200
2025-03-04,567.1503295898438,109648200
2025-03-05,573.24609375,71230500
2025-03-06,563.0703735351562,80094900
2025-03-07,566.2262573242188,81158800
2025-03-10,551.1444702148438,99326600
2025-03-11,546.56298828125,88102100
2025-03-12,549.4631958007812,69588200
2025-03-13,542.1386108398438,74079400
2025-03-14,553.3369750976562,62660300
2025-03-17,557.6039428710938,49008700
2025-03-18,551.5770874023438,66041400
2025-03-19,557.5842895507812,66556000
2025-03-20,555.971923828125,62958200
2025-03-21,556.1552734375,83763000
2025-03-24,566.1151733398438,58766800
2025-03-25,567.47607421875,38355700
2025-03-26,560.7013549804688,51848300
2025-03-27,559.2122192382812,42164200
2025-03-28,547.95068359375,71662700
2025-03-31,551.62890625,95328200
2025-04-01,553.1869506835938,54609600
2025-04-02,556.6878051757812,76014500
2025-04-03,529.2537231445312,125986000
2025-04-04,498.2696533203125,217965100
2025-04-07,497.38214111328125,256611400
2025-04-08,489.591796875,165816600
2025-04-09,541.0083618164062,241867300
2025-04-10,517.3019409179688,162331200
2025-04-11,526.5321044921875,97866300
2025-04-14,531.6401977539062,68034000
2025-04-15,530.151123046875,56892900
2025-04-16,518.3668823242188,83484800
2025-04-17,519.1064453125,79868100
2025-04-21,506.7503356933594,69368100
2025-04-22,519.9348754882812,75948100
2025-04-23,527.9915161132812,90590700
2025-04-24,539.1051025390625,64150400
2025-04-25,543.0004272460938,61119600
2025-04-28,543.2074584960938,47613800
2025-04-29,546.6292724609375,47775100
2025-04-30,546.84619140625,93101500
2025-05-01,550.7217407226562,63186100
2025-05-02,558.8966674804688,60717300
2025-05-05,555.6917724609375,38659200
2025-05-06,551.0471801757812,48264700
2025-05-07,553.3645629882812,55588000
2025-05-08,557.2202758789062,65130800
2025-05-09,556.5103149414062,37603400
2025-05-12,574.9014892578125,78993600
2025-05-13,578.6981201171875,67947200
2025-05-14,579.437744140625,66283500
2025-05-15,582.2679443359375,71268100
2025-05-16,585.9559936523438,76052100
2025-05-19,586.5969848632812,68168500
2025-05-20,584.6246337890625,60614500
2025-05-21,574.7733154296875,95197700
2025-05-22,575.0001220703125,70860400
2025-05-23,571.0753784179688,76029000
2025-05-27,582.9483642578125,72588500
2025-05-28,579.5757446289062,68445500
2025-05-29,581.8635864257812,69973300
2025-05-30,581.2127075195312,90601200
2025-06-02,584.4866943359375,61630500
2025-06-03,587.8197631835938,63606200
2025-06-04,587.6619873046875,57314200
2025-06-05,584.8218994140625,92278700
2025-06-06,590.827392578125,66588700
2025-06-09,591.35986328125,53016400
2025-06-10,594.7128295898438,66247000
2025-06-11,593.0166625976562,73658200
2025-06-12,595.3734130859375,64129000
2025-06-13,588.7171630859375,89506000
2025-06-16,594.318359375,79984100
2025-06-17,589.2398071289062,82209400
2025-06-18,589.1510009765625,76605000
2025-06-20,587.7673950195312,94051400
2025-06-23,593.5730590820312,87426000
2025-06-24,600.13037109375,67735300
2025-06-25,600.4666748046875,62114800
2025-06-26,605.1646118164062,78548400
2025-06-27,608.1713256835938,86258400
2025-06-30,611.0791015625,92502500
2025-07-01,610.8812866210938,70030100
2025-07-02,613.6505737304688,66510400
2025-07-03,618.4869995117188,51065800
2025-07-07,613.8780517578125,74814500
2025-07-08,613.5418090820312,59024600
2025-07-09,617.2210083007812,66113300
2025-07-10,618.9617309570312,57529000
2025-07-11,616.7857666015625,63670200
2025-07-14,617.9627075195312,51898500
2025-07-15,615.322021484375,74317300
2025-07-16,617.3792114257812,88987500
2025-07-17,621.1573486328125,68885700
2025-07-18,620.7024536132812,65621600
2025-07-21,621.87939453125,63375000
2025-07-22,621.9684448242188,60046300
2025-07-23,627.2598266601562,70511000
2025-07-24,627.4674682617188,71307100
2025-07-25,630.1181030273438,56865400
2025-07-28,629.9598388671875,54917100
2025-07-29,628.2982788085938,60556300
2025-07-30,627.5070190429688,80418900
2025-07-31,625.1531372070312,103385200
2025-08-01,614.9066162109375,140103600
2025-08-04,624.2530517578125,73218000
2025-08-05,621.088134765625,68051400
2025-08-06,625.845458984375,64357500
2025-08-07,625.3212280273438,74205800
2025-08-08,630.1972045898438,64051600
2025-08-11,628.9510498046875,58742300
2025-08-12,635.6469116210938,64730800
2025-08-13,637.8228149414062,60092800
2025-08-14,637.882080078125,59327500
2025-08-15,636.3886108398438,68592500
2025-08-18,636.2501220703125,43804900
2025-08-19,632.7984008789062,69750700
2025-08-20,631.1170043945312,88890300
2025-08-21,628.5850830078125,54805800
2025-08-22,638.2381591796875,84083200
2025-08-25,635.42919921875,51274300
2025-08-26,638.0897827148438,51581600
2025-08-27,639.543701171875,48341100
2025-08-28,641.8085327148438,61519500
2025-08-29,637.98095703125,74522200
2025-09-02,633.2533569335938,81983500
2025-09-03,636.6853637695312,70820900
2025-09-04,642.0062866210938,65219200
2025-09-05,640.1469116210938,85178900
2025-09-08,641.7195434570312,63133100
2025-09-09,643.2031860351562,66133900
2025-09-10,645.0625,78034500
2025-09-11,650.4231567382812,69934400
2025-09-12,650.2055053710938,72780100
2025-09-15,653.6671752929688,63772400
2025-09-16,652.76708984375,61169000
2025-09-17,651.9561767578125,101952200
2025-09-18,655.0023803710938,90459200
2025-09-19,658.2465209960938,97945600
2025-09-22,661.3607177734375,69452200
2025-09-23,657.7606201171875,81708900
2025-09-24,655.6678466796875,68082200
2025-09-25,652.6429443359375,89622100
2025-09-26,656.3819580078125,69179200
2025-09-29,658.2266845703125,73499000
2025-09-30,660.7061157226562,86288000
2025-10-01,662.95751953125,72545400
2025-10-02,663.7210693359375,56896000
2025-10-03,663.7113037109375,70494400
2025-10-06,666.0914916992188,54623300
2025-10-07,663.6219482421875,72020100
2025-10-08,667.5791625976562,60702200
2025-10-09,665.6452026367188,66501900
2025-10-10,647.6542358398438,159422600
2025-10-13,657.5919189453125,79560500
2025-10-14,656.78857421875,88779600
2025-10-15,659.7044067382812,81702600
2025-10-16,655.2116088867188,110563300
2025-10-17,658.9308471679688,96500900
2025-10-20,665.7840576171875,60493400
2025-10-21,665.7741088867188,56249000
2025-10-22,662.3128051757812,80564000
2025-10-23,666.2402954101562,65604500
2025-10-24,671.6851806640625,74356500
2025-10-27,679.6095581054688,63339800
2025-10-28,681.41455078125,61738100
2025-10-29,681.7418823242188,85657100
2025-10-30,674.2440185546875,76335800
2025-10-31,676.4556274414062,87164100
2025-11-03,677.72509765625,57315000
2025-11-04,669.691650390625,78427000
2025-11-05,672.012451171875,74402400
2025-11-06,664.8021850585938,85035300
2025-11-07,665.4567260742188,100592400
2025-11-10,675.8406982421875,75842900
2025-11-11,677.387939453125,58953400
2025-11-12,677.7648315429688,62312500
2025-11-13,666.5180053710938,103457800
2025-11-14,666.4088134765625,96846700
2025-11-17,660.2003173828125,90456100
2025-11-18,654.65625,114467500
2025-11-19,657.185302734375,94703000
2025-11-20,647.1683349609375,165293500
2025-11-21,653.6148681640625,123956200
2025-11-24,663.2351684570312,80437900
2025-11-25,669.4735717773438,81077100
2025-11-26,674.09521484375,71879600
2025-11-28,677.7747192382812,49212000
2025-12-01,674.6803588867188,61201200
2025-12-02,675.9299926757812,62953800
2025-12-03,678.2706298828125,57238500
2025-12-04,678.7664794921875,61970300
2025-12-05,680.0557861328125,79241000
2025-12-08,678.0126953125,55231500
2025-12-09,677.4276123046875,58310100
2025-12-10,681.92041015625,85671300
2025-12-11,683.5072021484375,86173700
2025-12-12,676.1581420898438,113160300
2025-12-15,675.1365966796875,90811000
2025-12-16,673.2918701171875,122030600
2025-12-17,665.8832397460938,110625200
2025-12-18,670.9115600585938,108650100
2025-12-19,676.9923095703125,103599500
2025-12-22,681.2098999023438,69556700
2025-12-23,684.3233032226562,64840000
2025-12-24,686.7305297851562,39445600
2025-12-26,686.660888671875,41613300
2025-12-29,684.2138671875,62559500
2025-12-30,683.3783569335938,47160700
2025-12-31,678.3152465820312,74144800
2026-01-02,679.55859375,89377200
2026-01-05,684.0845336914062,71927200
2026-01-06,688.1529541015625,69273800
2026-01-07,685.9347534179688,75588300
2026-01-08,685.8651123046875,64019200
2026-01-09,690.4010009765625,80125500
2026-01-12,691.4852294921875,63976000
2026-01-13,690.1026000976562,78309700
2026-01-14,686.7106323242188,94676700
2026-01-15,688.5806884765625,77862000
2026-01-16,688.0037231445312,79289200
2026-01-20,673.9981689453125,111623300
2026-01-21,681.77685546875,127844500
2026-01-22,685.3379516601562,77112200
2026-01-23,685.5865478515625,63059600
2026-01-26,689.0680541992188,60473800
2026-01-27,691.8134765625,55506100
2026-01-28,691.7438354492188,61172200
2026-01-29,690.3711547851562,97486200
2026-01-30,688.3120727539062,101835100
2026-02-02,691.7339477539062,79286500
2026-02-03,685.885009765625,107904600
2026-02-04,682.5626831054688,105204600
2026-02-05,674.0379638671875,113610800
2026-02-06,686.96923828125,89127600
2026-02-09,690.2816772460938,73885200
2026-02-10,688.4613037109375,65185700
2026-02-11,688.3021850585938,76353900
2026-02-12,677.668701171875,118829000
2026-02-13,678.1461181640625,96267500
2026-02-17,679.2402954101562,81354700
2026-02-18,682.662109375,73570300
2026-02-19,680.8616333007812,58649400
2026-02-20,685.7855834960938,100034000
2026-02-23,678.7827758789062,90558100
2026-02-24,683.7164916992188,73798700
2026-02-25,689.4859008789062,56369500
2026-02-26,685.6561889648438,71671000
2026-02-27,682.3637084960938,83308900
2026-03-02,682.751708984375,87477200
2026-03-03,676.7337036132812,105003100
2026-03-04,681.5082397460938,79182200
2026-03-05,677.70849609375,106606500
2026-03-06,668.82568359375,100687000
2026-03-09,674.6845703125,102667700
2026-03-10,673.6002807617188,81505300
2026-03-11,672.7548217773438,68441700
2026-03-12,662.5390625,108882200
2026-03-13,658.7890014648438,97200200
2026-03-16,665.493408203125,82023100
2026-03-17,667.2440185546875,87128000
2026-03-18,657.9335327148438,82062600
2026-03-19,656.3121948242188,111272500
2026-03-20,646.9034423828125,163617500
2026-03-23,653.6959228515625,134802700
2026-03-24,651.5015869140625,96457500
2026-03-25,655.1322021484375,90653800
2026-03-26,643.432373046875,96494400
2026-03-27,632.4606323242188,103649400
2026-03-30,630.3460693359375,99275900
2026-03-31,648.6688842773438,152534100
2026-04-01,653.5562744140625,97841500
2026-04-02,654.144775390625,68358700
2026-04-06,657.23681640625,39105800
2026-04-07,657.5260009765625,69980400
2026-04-08,674.27294921875,93606100
2026-04-09,678.162841796875,57134400
2026-04-10,677.7140502929688,42253500
2026-04-13,684.3369750976562,54185800
2026-04-14,692.675537109375,63480500
2026-04-15,698.1414184570312,58240400
2026-04-16,699.8569946289062,49972400
2026-04-17,708.3152465820312,70661900
2026-04-20,706.8988037109375,43546800
2026-04-21,702.2708129882812,58941400
2026-04-22,709.3825073242188,42518500
2026-04-23,706.6295776367188,56174000
2026-04-24,712.10546875,45182000
2026-04-27,713.332275390625,33135900
2026-04-28,709.8612060546875,43117400
2026-04-29,709.7515258789062,41859200
2026-04-30,716.8132934570312,67240900
2026-05-01,718.7982177734375,43049800
2026-05-04,716.1649780273438,51950600
2026-05-05,721.9102172851562,36933200
2026-05-06,731.9443359375,53288900
2026-05-07,729.7001342773438,51724600
2026-05-08,735.724609375,47227100
2026-05-11,737.4002685546875,44024000
2026-05-12,736.2831420898438,54185300
2026-05-13,740.4025268554688,44200200
2026-05-14,746.2474975585938,45307600
2026-05-15,737.2706298828125,60410800
2026-05-18,736.751953125,47843900
2026-05-19,731.8446044921875,54255900
2026-05-20,739.3452758789062,45768000
2026-05-21,740.8114624023438,43332200
2026-05-22,743.7239990234375,41762000
2026-05-26,748.6613159179688,41123600
2026-05-27,748.5316162109375,42106300
2026-05-28,752.6609497070312,41562600
2026-05-29,754.5361328125,55075700
2026-06-01,756.5908203125,43634900
2026-06-02,757.6182250976562,31581900
2026-06-03,752.3018798828125,51402500
2026-06-04,755.1445922851562,49923000
2026-06-05,735.65478515625,93989400
2026-06-08,737.3204345703125,49319100
2026-06-09,735.1560668945312,87683500
2026-06-10,723.56591796875,60341300
2026-06-11,735.8642578125,86330500
2026-06-12,739.843994140625,57079500
2026-06-15,752.890380859375,60176400
2026-06-16,748.4019775390625,67093100
2026-06-17,739.0560302734375,85945200
2026-06-18,746.739990234375,80875700
2026-06-22,744.3900146484375,46628100
2026-06-23,733.5800170898438,66846800
2026-06-24,733.239990234375,57439500
2026-06-25,734.2999877929688,53934400
2026-06-26,728.989990234375,71034000
2026-06-29,741.0,58035200
2026-06-30,746.77001953125,55626000
2026-07-01,745.760009765625,47100900
2026-07-02,744.780029296875,57447800
2026-07-06,751.280029296875,50673300
2026-07-07,747.7100219726562,43721500
2026-07-08,745.4000244140625,43767400
2026-07-09,751.7100219726562,41441700
2026-07-10,754.9500122070312,42191300
2026-07-13,749.1699829101562,44013600
2026-07-14,751.8300170898438,35143100
2026-07-15,754.8099975585938,43844800
2026-07-16,750.719970703125,46409800
2026-07-17,743.2899780273438,62651000
2026-07-20,742.0900268554688,50422300
2026-07-21,748.280029296875,34324300
2026-07-22,747.4099731445312,32836200
2026-07-23,738.1799926757812,55437300
2026-07-24,738.9299926757812,44782000
2026-07-27,739.0900268554688,41461200
2026-07-28,740.8599853515625,47322200
2026-07-29,729.4600219726562,70697200
2026-07-30,741.6900024414062,66811300
2026-07-31,747.030029296875,62445900
2026-08-03,757.6699829101562,59927500
2026-08-04,771.3300170898438,69154800
2026-08-05,769.7899780273438,44689100
2026-08-06,768.5599975585938,38416900
2026-08-07,773.260009765625,43586300
2026-08-10,773.030029296875,39249500
2026-08-11,770.5599975585938,36740600
2026-08-12,772.489990234375,33179100
2026-08-13,777.8800048828125,35634500
2026-08-14,776.3400268554688,31367900
2026-08-17,772.6699829101562,34356600
2026-08-18,767.4500122070312,43920900
2026-08-19,769.0599975585938,40306000
2026-08-20,762.5999755859375,45520300
2026-08-21,765.719970703125,39188700
2026-08-24,763.469970703125,32430900
2026-08-25,765.9099731445312,27422300
